2026-04-21 16:30:29 | INFO     | audiobook_gen.pdf_extractor | Abriendo PDF: ElLoboEstepario.pdf
2026-04-21 16:30:29 | INFO     | audiobook_gen.pdf_extractor | PDF abierto — Páginas: 284, Título: (sin título), Autor: Marina Cruz
2026-04-21 16:30:29 | INFO     | audiobook_gen.pdf_extractor | Extracción completada — 284 páginas, 454647 caracteres totales
2026-04-21 16:30:29 | INFO     | audiobook_gen.pipeline | Extraídas 284 páginas
2026-04-21 16:30:29 | INFO     | audiobook_gen.text_cleaner | Iniciando limpieza de 284 páginas
2026-04-21 16:30:29 | INFO     | audiobook_gen.text_cleaner | Líneas repetidas detectadas (cabeceras/pies): 1
2026-04-21 16:30:29 | INFO     | audiobook_gen.text_cleaner | Limpieza completada — 4 capítulos detectados, 441246 caracteres
2026-04-21 16:30:29 | INFO     | audiobook_gen.text_normalizer | Reglas cargadas — 30 abreviaturas, 20 símbolos, 16 siglas, 9 patrones
2026-04-21 16:30:30 | INFO     | audiobook_gen.pipeline | Texto normalizado: 319256 caracteres
2026-04-21 16:30:30 | INFO     | audiobook_gen.text_segmenter | Segmentación completada — 831 chunks, promedio 381 chars
2026-04-21 16:30:30 | INFO     | audiobook_gen.pipeline | Texto segmentado en 831 chunks
2026-04-21 16:30:32 | INFO     | audiobook_gen.tts_engine | Motor TTS: Edge-TTS (voces neuronales Microsoft)
2026-04-21 16:30:32 | INFO     | audiobook_gen.pipeline | Motor TTS: es-ES-AlvaroNeural (España - Hombre (Álvaro))
2026-04-21 17:23:33 | INFO     | audiobook_gen.audio_assembler | Ensamblando 831 fragmentos de audio...
2026-04-21 17:23:33 | ERROR    | audiobook_gen.audio_assembler | Error cargando fragmento C:\Users\EM2024~1\AppData\Local\Temp\audiobook_gen\chunk_00000.mp3: [WinError 2] El sistema no puede encontrar el archivo especificado
2026-04-21 17:23:33 | ERROR    | audiobook_gen.audio_assembler | Error cargando fragmento C:\Users\EM2024~1\AppData\Local\Temp\audiobook_gen\chunk_00001.mp3: [WinError 2] El sistema no puede encontrar el archivo especificado
2026-04-21 17:23:33 | ERROR    | audiobook_gen.audio_assembler | Error cargando fragmento C:\Users\EM2024~1\AppData\Local\Temp\audiobook_gen\chunk_00002.mp3: [WinError 2] El sistema no puede encontrar el archivo especificado
2026-04-21 17:23:33 | ERROR    | audiobook_gen.audio_assembler | Error cargando fragmento C:\Users\EM2024~1\AppData\Local\Temp\audiobook_gen\chunk_00003.mp3: [WinError 2] El sistema no puede encontrar el archivo especificado
2026-04-21 17:23:33 | ERROR    | audiobook_gen.audio_assembler | Error cargando fragmento C:\Users\EM2024~1\AppData\Local\Temp\audiobook_gen\chunk_00004.mp3: [WinError 2] El sistema no puede encontrar el archivo especificado
2026-04-21 17:23:33 | ERROR    | audiobook_gen.audio_assembler | Error cargando fragmento C:\Users\EM2024~1\AppData\Local\Temp\audiobook_gen\chunk_00005.mp3: [WinError 2] El sistema no puede encontrar el archivo especificado
2026-04-21 17:23:33 | ERROR    | audiobook_gen.audio_assembler | Error cargando fragmento C:\Users\EM2024~1\AppData\Local\Temp\audiobook_gen\chunk_00006.mp3: [WinError 2] El sistema no puede encontrar el archivo especificado
2026-04-21 17:23:33 | ERROR    | audiobook_gen.audio_assembler | Error cargando fragmento C:\Users\EM2024~1\AppData\Local\Temp\audiobook_gen\chunk_00007.mp3: [WinError 2] El sistema no puede encontrar el archivo especificado
2026-04-21 17:23:33 | ERROR    | audiobook_gen.audio_assembler | Error cargando fragmento C:\Users\EM2024~1\AppData\Local\Temp\audiobook_gen\chunk_00008.mp3: [WinError 2] El sistema no puede encontrar el archivo especificado
2026-04-21 17:23:33 | ERROR    | audiobook_gen.audio_assembler | Error cargando fragmento C:\Users\EM2024~1\AppData\Local\Temp\audiobook_gen\chunk_00009.mp3: [WinError 2] El sistema no puede encontrar el archivo especificado
2026-04-21 17:23:33 | ERROR    | audiobook_gen.audio_assembler | Error cargando fragmento C:\Users\EM2024~1\AppData\Local\Temp\audiobook_gen\chunk_00010.mp3: [WinError 2] El sistema no puede encontrar el archivo especificado
2026-04-21 17:23:33 | ERROR    | audiobook_gen.audio_assembler | Error cargando fragmento C:\Users\EM2024~1\AppData\Local\Temp\audiobook_gen\chunk_00011.mp3: [WinError 2] El sistema no puede encontrar el archivo especificado
2026-04-21 17:23:33 | ERROR    | audiobook_gen.audio_assembler | Error cargando fragmento C:\Users\EM2024~1\AppData\Local\Temp\audiobook_gen\chunk_00012.mp3: [WinError 2] El sistema no puede encontrar el archivo especificado
2026-04-21 17:23:33 | ERROR    | audiobook_gen.audio_assembler | Error cargando fragmento C:\Users\EM2024~1\AppData\Local\Temp\audiobook_gen\chunk_00013.mp3: [WinError 2] El sistema no puede encontrar el archivo especificado
2026-04-21 17:23:33 | ERROR    | audiobook_gen.audio_assembler | Error cargando fragmento C:\Users\EM2024~1\AppData\Local\Temp\audiobook_gen\chunk_00014.mp3: [WinError 2] El sistema no puede encontrar el archivo especificado
2026-04-21 17:23:33 | ERROR    | audiobook_gen.audio_assembler | Error cargando fragmento C:\Users\EM2024~1\AppData\Local\Temp\audiobook_gen\chunk_00015.mp3: [WinError 2] El sistema no puede encontrar el archivo especificado
2026-04-21 17:23:33 | ERROR    | audiobook_gen.audio_assembler | Error cargando fragmento C:\Users\EM2024~1\AppData\Local\Temp\audiobook_gen\chunk_00016.mp3: [WinError 2] El sistema no puede encontrar el archivo especificado
2026-04-21 17:23:33 | ERROR    | audiobook_gen.audio_assembler | Error cargando fragmento C:\Users\EM2024~1\AppData\Local\Temp\audiobook_gen\chunk_00017.mp3: [WinError 2] El sistema no puede encontrar el archivo especificado
2026-04-21 17:23:33 | ERROR    | audiobook_gen.audio_assembler | Error cargando fragmento C:\Users\EM2024~1\AppData\Local\Temp\audiobook_gen\chunk_00018.mp3: [WinError 2] El sistema no puede encontrar el archivo especificado
2026-04-21 17:23:33 | ERROR    | audiobook_gen.audio_assembler | Error cargando fragmento C:\Users\EM2024~1\AppData\Local\Temp\audiobook_gen\chunk_00019.mp3: [WinError 2] El sistema no puede encontrar el archivo especificado
2026-04-21 17:23:33 | ERROR    | audiobook_gen.audio_assembler | Error cargando fragmento C:\Users\EM2024~1\AppData\Local\Temp\audiobook_gen\chunk_00020.mp3: [WinError 2] El sistema no puede encontrar el archivo especificado
2026-04-21 17:23:33 | ERROR    | audiobook_gen.audio_assembler | Error cargando fragmento C:\Users\EM2024~1\AppData\Local\Temp\audiobook_gen\chunk_00021.mp3: [WinError 2] El sistema no puede encontrar el archivo especificado
2026-04-21 17:23:33 | ERROR    | audiobook_gen.audio_assembler | Error cargando fragmento C:\Users\EM2024~1\AppData\Local\Temp\audiobook_gen\chunk_00022.mp3: [WinError 2] El sistema no puede encontrar el archivo especificado
2026-04-21 17:23:33 | ERROR    | audiobook_gen.audio_assembler | Error cargando fragmento C:\Users\EM2024~1\AppData\Local\Temp\audiobook_gen\chunk_00023.mp3: [WinError 2] El sistema no puede encontrar el archivo especificado
2026-04-21 17:23:34 | ERROR    | audiobook_gen.audio_assembler | Error cargando fragmento C:\Users\EM2024~1\AppData\Local\Temp\audiobook_gen\chunk_00024.mp3: [WinError 2] El sistema no puede encontrar el archivo especificado
2026-04-21 17:23:34 | ERROR    | audiobook_gen.audio_assembler | Error cargando fragmento C:\Users\EM2024~1\AppData\Local\Temp\audiobook_gen\chunk_00025.mp3: [WinError 2] El sistema no puede encontrar el archivo especificado
2026-04-21 17:23:34 | ERROR    | audiobook_gen.audio_assembler | Error cargando fragmento C:\Users\EM2024~1\AppData\Local\Temp\audiobook_gen\chunk_00026.mp3: [WinError 2] El sistema no puede encontrar el archivo especificado
2026-04-21 17:23:34 | ERROR    | audiobook_gen.audio_assembler | Error cargando fragmento C:\Users\EM2024~1\AppData\Local\Temp\audiobook_gen\chunk_00027.mp3: [WinError 2] El sistema no puede encontrar el archivo especificado
2026-04-21 17:23:34 | ERROR    | audiobook_gen.audio_assembler | Error cargando fragmento C:\Users\EM2024~1\AppData\Local\Temp\audiobook_gen\chunk_00028.mp3: [WinError 2] El sistema no puede encontrar el archivo especificado
2026-04-21 17:23:34 | ERROR    | audiobook_gen.audio_assembler | Error cargando fragmento C:\Users\EM2024~1\AppData\Local\Temp\audiobook_gen\chunk_00029.mp3: [WinError 2] El sistema no puede encontrar el archivo especificado
2026-04-21 17:23:34 | ERROR    | audiobook_gen.audio_assembler | Error cargando fragmento C:\Users\EM2024~1\AppData\Local\Temp\audiobook_gen\chunk_00030.mp3: [WinError 2] El sistema no puede encontrar el archivo especificado
2026-04-21 17:23:34 | ERROR    | audiobook_gen.audio_assembler | Error cargando fragmento C:\Users\EM2024~1\AppData\Local\Temp\audiobook_gen\chunk_00031.mp3: [WinError 2] El sistema no puede encontrar el archivo especificado
2026-04-21 17:23:34 | ERROR    | audiobook_gen.audio_assembler | Error cargando fragmento C:\Users\EM2024~1\AppData\Local\Temp\audiobook_gen\chunk_00032.mp3: [WinError 2] El sistema no puede encontrar el archivo especificado
2026-04-21 17:23:34 | ERROR    | audiobook_gen.audio_assembler | Error cargando fragmento C:\Users\EM2024~1\AppData\Local\Temp\audiobook_gen\chunk_00033.mp3: [WinError 2] El sistema no puede encontrar el archivo especificado
2026-04-21 17:23:34 | ERROR    | audiobook_gen.audio_assembler | Error cargando fragmento C:\Users\EM2024~1\AppData\Local\Temp\audiobook_gen\chunk_00034.mp3: [WinError 2] El sistema no puede encontrar el archivo especificado
2026-04-21 17:23:34 | ERROR    | audiobook_gen.audio_assembler | Error cargando fragmento C:\Users\EM2024~1\AppData\Local\Temp\audiobook_gen\chunk_00035.mp3: [WinError 2] El sistema no puede encontrar el archivo especificado
2026-04-21 17:23:34 | ERROR    | audiobook_gen.audio_assembler | Error cargando fragmento C:\Users\EM2024~1\AppData\Local\Temp\audiobook_gen\chunk_00036.mp3: [WinError 2] El sistema no puede encontrar el archivo especificado
2026-04-21 17:23:34 | ERROR    | audiobook_gen.audio_assembler | Error cargando fragmento C:\Users\EM2024~1\AppData\Local\Temp\audiobook_gen\chunk_00037.mp3: [WinError 2] El sistema no puede encontrar el archivo especificado
2026-04-21 17:23:34 | ERROR    | audiobook_gen.audio_assembler | Error cargando fragmento C:\Users\EM2024~1\AppData\Local\Temp\audiobook_gen\chunk_00038.mp3: [WinError 2] El sistema no puede encontrar el archivo especificado
2026-04-21 17:23:34 | ERROR    | audiobook_gen.audio_assembler | Error cargando fragmento C:\Users\EM2024~1\AppData\Local\Temp\audiobook_gen\chunk_00039.mp3: [WinError 2] El sistema no puede encontrar el archivo especificado
2026-04-21 17:23:34 | ERROR    | audiobook_gen.audio_assembler | Error cargando fragmento C:\Users\EM2024~1\AppData\Local\Temp\audiobook_gen\chunk_00040.mp3: [WinError 2] El sistema no puede encontrar el archivo especificado
2026-04-21 17:23:34 | ERROR    | audiobook_gen.audio_assembler | Error cargando fragmento C:\Users\EM2024~1\AppData\Local\Temp\audiobook_gen\chunk_00041.mp3: [WinError 2] El sistema no puede encontrar el archivo especificado
2026-04-21 17:23:34 | ERROR    | audiobook_gen.audio_assembler | Error cargando fragmento C:\Users\EM2024~1\AppData\Local\Temp\audiobook_gen\chunk_00042.mp3: [WinError 2] El sistema no puede encontrar el archivo especificado
2026-04-21 17:23:34 | ERROR    | audiobook_gen.audio_assembler | Error cargando fragmento C:\Users\EM2024~1\AppData\Local\Temp\audiobook_gen\chunk_00043.mp3: [WinError 2] El sistema no puede encontrar el archivo especificado
2026-04-21 17:23:34 | ERROR    | audiobook_gen.audio_assembler | Error cargando fragmento C:\Users\EM2024~1\AppData\Local\Temp\audiobook_gen\chunk_00044.mp3: [WinError 2] El sistema no puede encontrar el archivo especificado
2026-04-21 17:23:34 | ERROR    | audiobook_gen.audio_assembler | Error cargando fragmento C:\Users\EM2024~1\AppData\Local\Temp\audiobook_gen\chunk_00045.mp3: [WinError 2] El sistema no puede encontrar el archivo especificado
2026-04-21 17:23:34 | ERROR    | audiobook_gen.audio_assembler | Error cargando fragmento C:\Users\EM2024~1\AppData\Local\Temp\audiobook_gen\chunk_00046.mp3: [WinError 2] El sistema no puede encontrar el archivo especificado
2026-04-21 17:23:34 | ERROR    | audiobook_gen.audio_assembler | Error cargando fragmento C:\Users\EM2024~1\AppData\Local\Temp\audiobook_gen\chunk_00047.mp3: [WinError 2] El sistema no puede encontrar el archivo especificado
2026-04-21 17:23:34 | ERROR    | audiobook_gen.audio_assembler | Error cargando fragmento C:\Users\EM2024~1\AppData\Local\Temp\audiobook_gen\chunk_00048.mp3: [WinError 2] El sistema no puede encontrar el archivo especificado
2026-04-21 17:23:34 | ERROR    | audiobook_gen.audio_assembler | Error cargando fragmento C:\Users\EM2024~1\AppData\Local\Temp\audiobook_gen\chunk_00049.mp3: [WinError 2] El sistema no puede encontrar el archivo especificado
2026-04-21 17:23:34 | ERROR    | audiobook_gen.audio_assembler | Error cargando fragmento C:\Users\EM2024~1\AppData\Local\Temp\audiobook_gen\chunk_00050.mp3: [WinError 2] El sistema no puede encontrar el archivo especificado
2026-04-21 17:23:34 | ERROR    | audiobook_gen.audio_assembler | Error cargando fragmento C:\Users\EM2024~1\AppData\Local\Temp\audiobook_gen\chunk_00051.mp3: [WinError 2] El sistema no puede encontrar el archivo especificado
2026-04-21 17:23:34 | ERROR    | audiobook_gen.audio_assembler | Error cargando fragmento C:\Users\EM2024~1\AppData\Local\Temp\audiobook_gen\chunk_00052.mp3: [WinError 2] El sistema no puede encontrar el archivo especificado
2026-04-21 17:23:34 | ERROR    | audiobook_gen.audio_assembler | Error cargando fragmento C:\Users\EM2024~1\AppData\Local\Temp\audiobook_gen\chunk_00053.mp3: [WinError 2] El sistema no puede encontrar el archivo especificado
2026-04-21 17:23:34 | ERROR    | audiobook_gen.audio_assembler | Error cargando fragmento C:\Users\EM2024~1\AppData\Local\Temp\audiobook_gen\chunk_00054.mp3: [WinError 2] El sistema no puede encontrar el archivo especificado
2026-04-21 17:23:35 | ERROR    | audiobook_gen.audio_assembler | Error cargando fragmento C:\Users\EM2024~1\AppData\Local\Temp\audiobook_gen\chunk_00055.mp3: [WinError 2] El sistema no puede encontrar el archivo especificado
2026-04-21 17:23:35 | ERROR    | audiobook_gen.audio_assembler | Error cargando fragmento C:\Users\EM2024~1\AppData\Local\Temp\audiobook_gen\chunk_00056.mp3: [WinError 2] El sistema no puede encontrar el archivo especificado
2026-04-21 17:23:35 | ERROR    | audiobook_gen.audio_assembler | Error cargando fragmento C:\Users\EM2024~1\AppData\Local\Temp\audiobook_gen\chunk_00057.mp3: [WinError 2] El sistema no puede encontrar el archivo especificado
2026-04-21 17:23:35 | ERROR    | audiobook_gen.audio_assembler | Error cargando fragmento C:\Users\EM2024~1\AppData\Local\Temp\audiobook_gen\chunk_00058.mp3: [WinError 2] El sistema no puede encontrar el archivo especificado
2026-04-21 17:23:35 | ERROR    | audiobook_gen.audio_assembler | Error cargando fragmento C:\Users\EM2024~1\AppData\Local\Temp\audiobook_gen\chunk_00059.mp3: [WinError 2] El sistema no puede encontrar el archivo especificado
2026-04-21 17:23:35 | ERROR    | audiobook_gen.audio_assembler | Error cargando fragmento C:\Users\EM2024~1\AppData\Local\Temp\audiobook_gen\chunk_00060.mp3: [WinError 2] El sistema no puede encontrar el archivo especificado
2026-04-21 17:23:35 | ERROR    | audiobook_gen.audio_assembler | Error cargando fragmento C:\Users\EM2024~1\AppData\Local\Temp\audiobook_gen\chunk_00061.mp3: [WinError 2] El sistema no puede encontrar el archivo especificado
2026-04-21 17:23:35 | ERROR    | audiobook_gen.audio_assembler | Error cargando fragmento C:\Users\EM2024~1\AppData\Local\Temp\audiobook_gen\chunk_00062.mp3: [WinError 2] El sistema no puede encontrar el archivo especificado
2026-04-21 17:23:35 | ERROR    | audiobook_gen.audio_assembler | Error cargando fragmento C:\Users\EM2024~1\AppData\Local\Temp\audiobook_gen\chunk_00063.mp3: [WinError 2] El sistema no puede encontrar el archivo especificado
2026-04-21 17:23:35 | ERROR    | audiobook_gen.audio_assembler | Error cargando fragmento C:\Users\EM2024~1\AppData\Local\Temp\audiobook_gen\chunk_00064.mp3: [WinError 2] El sistema no puede encontrar el archivo especificado
2026-04-21 17:23:35 | ERROR    | audiobook_gen.audio_assembler | Error cargando fragmento C:\Users\EM2024~1\AppData\Local\Temp\audiobook_gen\chunk_00065.mp3: [WinError 2] El sistema no puede encontrar el archivo especificado
2026-04-21 17:23:35 | ERROR    | audiobook_gen.audio_assembler | Error cargando fragmento C:\Users\EM2024~1\AppData\Local\Temp\audiobook_gen\chunk_00066.mp3: [WinError 2] El sistema no puede encontrar el archivo especificado
2026-04-21 17:23:35 | ERROR    | audiobook_gen.audio_assembler | Error cargando fragmento C:\Users\EM2024~1\AppData\Local\Temp\audiobook_gen\chunk_00067.mp3: [WinError 2] El sistema no puede encontrar el archivo especificado
2026-04-21 17:23:35 | ERROR    | audiobook_gen.audio_assembler | Error cargando fragmento C:\Users\EM2024~1\AppData\Local\Temp\audiobook_gen\chunk_00068.mp3: [WinError 2] El sistema no puede encontrar el archivo especificado
2026-04-21 17:23:35 | ERROR    | audiobook_gen.audio_assembler | Error cargando fragmento C:\Users\EM2024~1\AppData\Local\Temp\audiobook_gen\chunk_00069.mp3: [WinError 2] El sistema no puede encontrar el archivo especificado
2026-04-21 17:23:35 | ERROR    | audiobook_gen.audio_assembler | Error cargando fragmento C:\Users\EM2024~1\AppData\Local\Temp\audiobook_gen\chunk_00070.mp3: [WinError 2] El sistema no puede encontrar el archivo especificado
2026-04-21 17:23:35 | ERROR    | audiobook_gen.audio_assembler | Error cargando fragmento C:\Users\EM2024~1\AppData\Local\Temp\audiobook_gen\chunk_00071.mp3: [WinError 2] El sistema no puede encontrar el archivo especificado
2026-04-21 17:23:35 | ERROR    | audiobook_gen.audio_assembler | Error cargando fragmento C:\Users\EM2024~1\AppData\Local\Temp\audiobook_gen\chunk_00072.mp3: [WinError 2] El sistema no puede encontrar el archivo especificado
2026-04-21 17:23:35 | ERROR    | audiobook_gen.audio_assembler | Error cargando fragmento C:\Users\EM2024~1\AppData\Local\Temp\audiobook_gen\chunk_00073.mp3: [WinError 2] El sistema no puede encontrar el archivo especificado
2026-04-21 17:23:35 | ERROR    | audiobook_gen.audio_assembler | Error cargando fragmento C:\Users\EM2024~1\AppData\Local\Temp\audiobook_gen\chunk_00074.mp3: [WinError 2] El sistema no puede encontrar el archivo especificado
2026-04-21 17:23:35 | ERROR    | audiobook_gen.audio_assembler | Error cargando fragmento C:\Users\EM2024~1\AppData\Local\Temp\audiobook_gen\chunk_00075.mp3: [WinError 2] El sistema no puede encontrar el archivo especificado
2026-04-21 17:23:35 | ERROR    | audiobook_gen.audio_assembler | Error cargando fragmento C:\Users\EM2024~1\AppData\Local\Temp\audiobook_gen\chunk_00076.mp3: [WinError 2] El sistema no puede encontrar el archivo especificado
2026-04-21 17:23:35 | ERROR    | audiobook_gen.audio_assembler | Error cargando fragmento C:\Users\EM2024~1\AppData\Local\Temp\audiobook_gen\chunk_00077.mp3: [WinError 2] El sistema no puede encontrar el archivo especificado
2026-04-21 17:23:35 | ERROR    | audiobook_gen.audio_assembler | Error cargando fragmento C:\Users\EM2024~1\AppData\Local\Temp\audiobook_gen\chunk_00078.mp3: [WinError 2] El sistema no puede encontrar el archivo especificado
2026-04-21 17:23:35 | ERROR    | audiobook_gen.audio_assembler | Error cargando fragmento C:\Users\EM2024~1\AppData\Local\Temp\audiobook_gen\chunk_00079.mp3: [WinError 2] El sistema no puede encontrar el archivo especificado
2026-04-21 17:23:35 | ERROR    | audiobook_gen.audio_assembler | Error cargando fragmento C:\Users\EM2024~1\AppData\Local\Temp\audiobook_gen\chunk_00080.mp3: [WinError 2] El sistema no puede encontrar el archivo especificado
2026-04-21 17:23:35 | ERROR    | audiobook_gen.audio_assembler | Error cargando fragmento C:\Users\EM2024~1\AppData\Local\Temp\audiobook_gen\chunk_00081.mp3: [WinError 2] El sistema no puede encontrar el archivo especificado
2026-04-21 17:23:35 | ERROR    | audiobook_gen.audio_assembler | Error cargando fragmento C:\Users\EM2024~1\AppData\Local\Temp\audiobook_gen\chunk_00082.mp3: [WinError 2] El sistema no puede encontrar el archivo especificado
2026-04-21 17:23:35 | ERROR    | audiobook_gen.audio_assembler | Error cargando fragmento C:\Users\EM2024~1\AppData\Local\Temp\audiobook_gen\chunk_00083.mp3: [WinError 2] El sistema no puede encontrar el archivo especificado
2026-04-21 17:23:35 | ERROR    | audiobook_gen.audio_assembler | Error cargando fragmento C:\Users\EM2024~1\AppData\Local\Temp\audiobook_gen\chunk_00084.mp3: [WinError 2] El sistema no puede encontrar el archivo especificado
2026-04-21 17:23:35 | ERROR    | audiobook_gen.audio_assembler | Error cargando fragmento C:\Users\EM2024~1\AppData\Local\Temp\audiobook_gen\chunk_00085.mp3: [WinError 2] El sistema no puede encontrar el archivo especificado
2026-04-21 17:23:35 | ERROR    | audiobook_gen.audio_assembler | Error cargando fragmento C:\Users\EM2024~1\AppData\Local\Temp\audiobook_gen\chunk_00086.mp3: [WinError 2] El sistema no puede encontrar el archivo especificado
2026-04-21 17:23:35 | ERROR    | audiobook_gen.audio_assembler | Error cargando fragmento C:\Users\EM2024~1\AppData\Local\Temp\audiobook_gen\chunk_00087.mp3: [WinError 2] El sistema no puede encontrar el archivo especificado
2026-04-21 17:23:36 | ERROR    | audiobook_gen.audio_assembler | Error cargando fragmento C:\Users\EM2024~1\AppData\Local\Temp\audiobook_gen\chunk_00088.mp3: [WinError 2] El sistema no puede encontrar el archivo especificado
2026-04-21 17:23:36 | ERROR    | audiobook_gen.audio_assembler | Error cargando fragmento C:\Users\EM2024~1\AppData\Local\Temp\audiobook_gen\chunk_00089.mp3: [WinError 2] El sistema no puede encontrar el archivo especificado
2026-04-21 17:23:36 | ERROR    | audiobook_gen.audio_assembler | Error cargando fragmento C:\Users\EM2024~1\AppData\Local\Temp\audiobook_gen\chunk_00090.mp3: [WinError 2] El sistema no puede encontrar el archivo especificado
2026-04-21 17:23:36 | ERROR    | audiobook_gen.audio_assembler | Error cargando fragmento C:\Users\EM2024~1\AppData\Local\Temp\audiobook_gen\chunk_00091.mp3: [WinError 2] El sistema no puede encontrar el archivo especificado
2026-04-21 17:23:36 | ERROR    | audiobook_gen.audio_assembler | Error cargando fragmento C:\Users\EM2024~1\AppData\Local\Temp\audiobook_gen\chunk_00092.mp3: [WinError 2] El sistema no puede encontrar el archivo especificado
2026-04-21 17:23:36 | ERROR    | audiobook_gen.audio_assembler | Error cargando fragmento C:\Users\EM2024~1\AppData\Local\Temp\audiobook_gen\chunk_00093.mp3: [WinError 2] El sistema no puede encontrar el archivo especificado
2026-04-21 17:23:36 | ERROR    | audiobook_gen.audio_assembler | Error cargando fragmento C:\Users\EM2024~1\AppData\Local\Temp\audiobook_gen\chunk_00094.mp3: [WinError 2] El sistema no puede encontrar el archivo especificado
2026-04-21 17:23:36 | ERROR    | audiobook_gen.audio_assembler | Error cargando fragmento C:\Users\EM2024~1\AppData\Local\Temp\audiobook_gen\chunk_00095.mp3: [WinError 2] El sistema no puede encontrar el archivo especificado
2026-04-21 17:23:36 | ERROR    | audiobook_gen.audio_assembler | Error cargando fragmento C:\Users\EM2024~1\AppData\Local\Temp\audiobook_gen\chunk_00096.mp3: [WinError 2] El sistema no puede encontrar el archivo especificado
2026-04-21 17:23:36 | ERROR    | audiobook_gen.audio_assembler | Error cargando fragmento C:\Users\EM2024~1\AppData\Local\Temp\audiobook_gen\chunk_00097.mp3: [WinError 2] El sistema no puede encontrar el archivo especificado
2026-04-21 17:23:36 | ERROR    | audiobook_gen.audio_assembler | Error cargando fragmento C:\Users\EM2024~1\AppData\Local\Temp\audiobook_gen\chunk_00098.mp3: [WinError 2] El sistema no puede encontrar el archivo especificado
2026-04-21 17:23:36 | ERROR    | audiobook_gen.audio_assembler | Error cargando fragmento C:\Users\EM2024~1\AppData\Local\Temp\audiobook_gen\chunk_00099.mp3: [WinError 2] El sistema no puede encontrar el archivo especificado
2026-04-21 17:23:36 | ERROR    | audiobook_gen.audio_assembler | Error cargando fragmento C:\Users\EM2024~1\AppData\Local\Temp\audiobook_gen\chunk_00100.mp3: [WinError 2] El sistema no puede encontrar el archivo especificado
2026-04-21 17:23:36 | ERROR    | audiobook_gen.audio_assembler | Error cargando fragmento C:\Users\EM2024~1\AppData\Local\Temp\audiobook_gen\chunk_00101.mp3: [WinError 2] El sistema no puede encontrar el archivo especificado
2026-04-21 17:23:36 | ERROR    | audiobook_gen.audio_assembler | Error cargando fragmento C:\Users\EM2024~1\AppData\Local\Temp\audiobook_gen\chunk_00102.mp3: [WinError 2] El sistema no puede encontrar el archivo especificado
2026-04-21 17:23:36 | ERROR    | audiobook_gen.audio_assembler | Error cargando fragmento C:\Users\EM2024~1\AppData\Local\Temp\audiobook_gen\chunk_00103.mp3: [WinError 2] El sistema no puede encontrar el archivo especificado
2026-04-21 17:23:36 | ERROR    | audiobook_gen.audio_assembler | Error cargando fragmento C:\Users\EM2024~1\AppData\Local\Temp\audiobook_gen\chunk_00104.mp3: [WinError 2] El sistema no puede encontrar el archivo especificado
2026-04-21 17:23:36 | ERROR    | audiobook_gen.audio_assembler | Error cargando fragmento C:\Users\EM2024~1\AppData\Local\Temp\audiobook_gen\chunk_00105.mp3: [WinError 2] El sistema no puede encontrar el archivo especificado
2026-04-21 17:23:36 | ERROR    | audiobook_gen.audio_assembler | Error cargando fragmento C:\Users\EM2024~1\AppData\Local\Temp\audiobook_gen\chunk_00106.mp3: [WinError 2] El sistema no puede encontrar el archivo especificado
2026-04-21 17:23:36 | ERROR    | audiobook_gen.audio_assembler | Error cargando fragmento C:\Users\EM2024~1\AppData\Local\Temp\audiobook_gen\chunk_00107.mp3: [WinError 2] El sistema no puede encontrar el archivo especificado
2026-04-21 17:23:36 | ERROR    | audiobook_gen.audio_assembler | Error cargando fragmento C:\Users\EM2024~1\AppData\Local\Temp\audiobook_gen\chunk_00108.mp3: [WinError 2] El sistema no puede encontrar el archivo especificado
2026-04-21 17:23:36 | ERROR    | audiobook_gen.audio_assembler | Error cargando fragmento C:\Users\EM2024~1\AppData\Local\Temp\audiobook_gen\chunk_00109.mp3: [WinError 2] El sistema no puede encontrar el archivo especificado
2026-04-21 17:23:36 | ERROR    | audiobook_gen.audio_assembler | Error cargando fragmento C:\Users\EM2024~1\AppData\Local\Temp\audiobook_gen\chunk_00110.mp3: [WinError 2] El sistema no puede encontrar el archivo especificado
2026-04-21 17:23:36 | ERROR    | audiobook_gen.audio_assembler | Error cargando fragmento C:\Users\EM2024~1\AppData\Local\Temp\audiobook_gen\chunk_00111.mp3: [WinError 2] El sistema no puede encontrar el archivo especificado
2026-04-21 17:23:36 | ERROR    | audiobook_gen.audio_assembler | Error cargando fragmento C:\Users\EM2024~1\AppData\Local\Temp\audiobook_gen\chunk_00112.mp3: [WinError 2] El sistema no puede encontrar el archivo especificado
2026-04-21 17:23:36 | ERROR    | audiobook_gen.audio_assembler | Error cargando fragmento C:\Users\EM2024~1\AppData\Local\Temp\audiobook_gen\chunk_00113.mp3: [WinError 2] El sistema no puede encontrar el archivo especificado
2026-04-21 17:23:36 | ERROR    | audiobook_gen.audio_assembler | Error cargando fragmento C:\Users\EM2024~1\AppData\Local\Temp\audiobook_gen\chunk_00114.mp3: [WinError 2] El sistema no puede encontrar el archivo especificado
2026-04-21 17:23:36 | ERROR    | audiobook_gen.audio_assembler | Error cargando fragmento C:\Users\EM2024~1\AppData\Local\Temp\audiobook_gen\chunk_00115.mp3: [WinError 2] El sistema no puede encontrar el archivo especificado
2026-04-21 17:23:36 | ERROR    | audiobook_gen.audio_assembler | Error cargando fragmento C:\Users\EM2024~1\AppData\Local\Temp\audiobook_gen\chunk_00116.mp3: [WinError 2] El sistema no puede encontrar el archivo especificado
2026-04-21 17:23:37 | ERROR    | audiobook_gen.audio_assembler | Error cargando fragmento C:\Users\EM2024~1\AppData\Local\Temp\audiobook_gen\chunk_00117.mp3: [WinError 2] El sistema no puede encontrar el archivo especificado
2026-04-21 17:23:37 | ERROR    | audiobook_gen.audio_assembler | Error cargando fragmento C:\Users\EM2024~1\AppData\Local\Temp\audiobook_gen\chunk_00118.mp3: [WinError 2] El sistema no puede encontrar el archivo especificado
2026-04-21 17:23:37 | ERROR    | audiobook_gen.audio_assembler | Error cargando fragmento C:\Users\EM2024~1\AppData\Local\Temp\audiobook_gen\chunk_00119.mp3: [WinError 2] El sistema no puede encontrar el archivo especificado
2026-04-21 17:23:37 | ERROR    | audiobook_gen.audio_assembler | Error cargando fragmento C:\Users\EM2024~1\AppData\Local\Temp\audiobook_gen\chunk_00120.mp3: [WinError 2] El sistema no puede encontrar el archivo especificado
2026-04-21 17:23:37 | ERROR    | audiobook_gen.audio_assembler | Error cargando fragmento C:\Users\EM2024~1\AppData\Local\Temp\audiobook_gen\chunk_00121.mp3: [WinError 2] El sistema no puede encontrar el archivo especificado
2026-04-21 17:23:37 | ERROR    | audiobook_gen.audio_assembler | Error cargando fragmento C:\Users\EM2024~1\AppData\Local\Temp\audiobook_gen\chunk_00122.mp3: [WinError 2] El sistema no puede encontrar el archivo especificado
2026-04-21 17:23:37 | ERROR    | audiobook_gen.audio_assembler | Error cargando fragmento C:\Users\EM2024~1\AppData\Local\Temp\audiobook_gen\chunk_00123.mp3: [WinError 2] El sistema no puede encontrar el archivo especificado
2026-04-21 17:23:37 | ERROR    | audiobook_gen.audio_assembler | Error cargando fragmento C:\Users\EM2024~1\AppData\Local\Temp\audiobook_gen\chunk_00124.mp3: [WinError 2] El sistema no puede encontrar el archivo especificado
2026-04-21 17:23:37 | ERROR    | audiobook_gen.audio_assembler | Error cargando fragmento C:\Users\EM2024~1\AppData\Local\Temp\audiobook_gen\chunk_00125.mp3: [WinError 2] El sistema no puede encontrar el archivo especificado
2026-04-21 17:23:37 | ERROR    | audiobook_gen.audio_assembler | Error cargando fragmento C:\Users\EM2024~1\AppData\Local\Temp\audiobook_gen\chunk_00126.mp3: [WinError 2] El sistema no puede encontrar el archivo especificado
2026-04-21 17:23:37 | ERROR    | audiobook_gen.audio_assembler | Error cargando fragmento C:\Users\EM2024~1\AppData\Local\Temp\audiobook_gen\chunk_00127.mp3: [WinError 2] El sistema no puede encontrar el archivo especificado
2026-04-21 17:23:37 | ERROR    | audiobook_gen.audio_assembler | Error cargando fragmento C:\Users\EM2024~1\AppData\Local\Temp\audiobook_gen\chunk_00128.mp3: [WinError 2] El sistema no puede encontrar el archivo especificado
2026-04-21 17:23:37 | ERROR    | audiobook_gen.audio_assembler | Error cargando fragmento C:\Users\EM2024~1\AppData\Local\Temp\audiobook_gen\chunk_00129.mp3: [WinError 2] El sistema no puede encontrar el archivo especificado
2026-04-21 17:23:37 | ERROR    | audiobook_gen.audio_assembler | Error cargando fragmento C:\Users\EM2024~1\AppData\Local\Temp\audiobook_gen\chunk_00130.mp3: [WinError 2] El sistema no puede encontrar el archivo especificado
2026-04-21 17:23:37 | ERROR    | audiobook_gen.audio_assembler | Error cargando fragmento C:\Users\EM2024~1\AppData\Local\Temp\audiobook_gen\chunk_00131.mp3: [WinError 2] El sistema no puede encontrar el archivo especificado
2026-04-21 17:23:37 | ERROR    | audiobook_gen.audio_assembler | Error cargando fragmento C:\Users\EM2024~1\AppData\Local\Temp\audiobook_gen\chunk_00132.mp3: [WinError 2] El sistema no puede encontrar el archivo especificado
2026-04-21 17:23:37 | ERROR    | audiobook_gen.audio_assembler | Error cargando fragmento C:\Users\EM2024~1\AppData\Local\Temp\audiobook_gen\chunk_00133.mp3: [WinError 2] El sistema no puede encontrar el archivo especificado
2026-04-21 17:23:37 | ERROR    | audiobook_gen.audio_assembler | Error cargando fragmento C:\Users\EM2024~1\AppData\Local\Temp\audiobook_gen\chunk_00134.mp3: [WinError 2] El sistema no puede encontrar el archivo especificado
2026-04-21 17:23:37 | ERROR    | audiobook_gen.audio_assembler | Error cargando fragmento C:\Users\EM2024~1\AppData\Local\Temp\audiobook_gen\chunk_00135.mp3: [WinError 2] El sistema no puede encontrar el archivo especificado
2026-04-21 17:23:37 | ERROR    | audiobook_gen.audio_assembler | Error cargando fragmento C:\Users\EM2024~1\AppData\Local\Temp\audiobook_gen\chunk_00136.mp3: [WinError 2] El sistema no puede encontrar el archivo especificado
2026-04-21 17:23:37 | ERROR    | audiobook_gen.audio_assembler | Error cargando fragmento C:\Users\EM2024~1\AppData\Local\Temp\audiobook_gen\chunk_00137.mp3: [WinError 2] El sistema no puede encontrar el archivo especificado
2026-04-21 17:23:37 | ERROR    | audiobook_gen.audio_assembler | Error cargando fragmento C:\Users\EM2024~1\AppData\Local\Temp\audiobook_gen\chunk_00138.mp3: [WinError 2] El sistema no puede encontrar el archivo especificado
2026-04-21 17:23:37 | ERROR    | audiobook_gen.audio_assembler | Error cargando fragmento C:\Users\EM2024~1\AppData\Local\Temp\audiobook_gen\chunk_00139.mp3: [WinError 2] El sistema no puede encontrar el archivo especificado
2026-04-21 17:23:37 | ERROR    | audiobook_gen.audio_assembler | Error cargando fragmento C:\Users\EM2024~1\AppData\Local\Temp\audiobook_gen\chunk_00140.mp3: [WinError 2] El sistema no puede encontrar el archivo especificado
2026-04-21 17:23:37 | ERROR    | audiobook_gen.audio_assembler | Error cargando fragmento C:\Users\EM2024~1\AppData\Local\Temp\audiobook_gen\chunk_00141.mp3: [WinError 2] El sistema no puede encontrar el archivo especificado
2026-04-21 17:23:37 | ERROR    | audiobook_gen.audio_assembler | Error cargando fragmento C:\Users\EM2024~1\AppData\Local\Temp\audiobook_gen\chunk_00142.mp3: [WinError 2] El sistema no puede encontrar el archivo especificado
2026-04-21 17:23:37 | ERROR    | audiobook_gen.audio_assembler | Error cargando fragmento C:\Users\EM2024~1\AppData\Local\Temp\audiobook_gen\chunk_00143.mp3: [WinError 2] El sistema no puede encontrar el archivo especificado
2026-04-21 17:23:37 | ERROR    | audiobook_gen.audio_assembler | Error cargando fragmento C:\Users\EM2024~1\AppData\Local\Temp\audiobook_gen\chunk_00144.mp3: [WinError 2] El sistema no puede encontrar el archivo especificado
2026-04-21 17:23:37 | ERROR    | audiobook_gen.audio_assembler | Error cargando fragmento C:\Users\EM2024~1\AppData\Local\Temp\audiobook_gen\chunk_00145.mp3: [WinError 2] El sistema no puede encontrar el archivo especificado
2026-04-21 17:23:37 | ERROR    | audiobook_gen.audio_assembler | Error cargando fragmento C:\Users\EM2024~1\AppData\Local\Temp\audiobook_gen\chunk_00146.mp3: [WinError 2] El sistema no puede encontrar el archivo especificado
2026-04-21 17:23:37 | ERROR    | audiobook_gen.audio_assembler | Error cargando fragmento C:\Users\EM2024~1\AppData\Local\Temp\audiobook_gen\chunk_00147.mp3: [WinError 2] El sistema no puede encontrar el archivo especificado
2026-04-21 17:23:37 | ERROR    | audiobook_gen.audio_assembler | Error cargando fragmento C:\Users\EM2024~1\AppData\Local\Temp\audiobook_gen\chunk_00148.mp3: [WinError 2] El sistema no puede encontrar el archivo especificado
2026-04-21 17:23:38 | ERROR    | audiobook_gen.audio_assembler | Error cargando fragmento C:\Users\EM2024~1\AppData\Local\Temp\audiobook_gen\chunk_00149.mp3: [WinError 2] El sistema no puede encontrar el archivo especificado
2026-04-21 17:23:38 | ERROR    | audiobook_gen.audio_assembler | Error cargando fragmento C:\Users\EM2024~1\AppData\Local\Temp\audiobook_gen\chunk_00150.mp3: [WinError 2] El sistema no puede encontrar el archivo especificado
2026-04-21 17:23:38 | ERROR    | audiobook_gen.audio_assembler | Error cargando fragmento C:\Users\EM2024~1\AppData\Local\Temp\audiobook_gen\chunk_00151.mp3: [WinError 2] El sistema no puede encontrar el archivo especificado
2026-04-21 17:23:38 | ERROR    | audiobook_gen.audio_assembler | Error cargando fragmento C:\Users\EM2024~1\AppData\Local\Temp\audiobook_gen\chunk_00152.mp3: [WinError 2] El sistema no puede encontrar el archivo especificado
2026-04-21 17:23:38 | ERROR    | audiobook_gen.audio_assembler | Error cargando fragmento C:\Users\EM2024~1\AppData\Local\Temp\audiobook_gen\chunk_00153.mp3: [WinError 2] El sistema no puede encontrar el archivo especificado
2026-04-21 17:23:38 | ERROR    | audiobook_gen.audio_assembler | Error cargando fragmento C:\Users\EM2024~1\AppData\Local\Temp\audiobook_gen\chunk_00154.mp3: [WinError 2] El sistema no puede encontrar el archivo especificado
2026-04-21 17:23:38 | ERROR    | audiobook_gen.audio_assembler | Error cargando fragmento C:\Users\EM2024~1\AppData\Local\Temp\audiobook_gen\chunk_00155.mp3: [WinError 2] El sistema no puede encontrar el archivo especificado
2026-04-21 17:23:38 | ERROR    | audiobook_gen.audio_assembler | Error cargando fragmento C:\Users\EM2024~1\AppData\Local\Temp\audiobook_gen\chunk_00156.mp3: [WinError 2] El sistema no puede encontrar el archivo especificado
2026-04-21 17:23:38 | ERROR    | audiobook_gen.audio_assembler | Error cargando fragmento C:\Users\EM2024~1\AppData\Local\Temp\audiobook_gen\chunk_00157.mp3: [WinError 2] El sistema no puede encontrar el archivo especificado
2026-04-21 17:23:38 | ERROR    | audiobook_gen.audio_assembler | Error cargando fragmento C:\Users\EM2024~1\AppData\Local\Temp\audiobook_gen\chunk_00158.mp3: [WinError 2] El sistema no puede encontrar el archivo especificado
2026-04-21 17:23:38 | ERROR    | audiobook_gen.audio_assembler | Error cargando fragmento C:\Users\EM2024~1\AppData\Local\Temp\audiobook_gen\chunk_00159.mp3: [WinError 2] El sistema no puede encontrar el archivo especificado
2026-04-21 17:23:38 | ERROR    | audiobook_gen.audio_assembler | Error cargando fragmento C:\Users\EM2024~1\AppData\Local\Temp\audiobook_gen\chunk_00160.mp3: [WinError 2] El sistema no puede encontrar el archivo especificado
2026-04-21 17:23:38 | ERROR    | audiobook_gen.audio_assembler | Error cargando fragmento C:\Users\EM2024~1\AppData\Local\Temp\audiobook_gen\chunk_00161.mp3: [WinError 2] El sistema no puede encontrar el archivo especificado
2026-04-21 17:23:38 | ERROR    | audiobook_gen.audio_assembler | Error cargando fragmento C:\Users\EM2024~1\AppData\Local\Temp\audiobook_gen\chunk_00162.mp3: [WinError 2] El sistema no puede encontrar el archivo especificado
2026-04-21 17:23:38 | ERROR    | audiobook_gen.audio_assembler | Error cargando fragmento C:\Users\EM2024~1\AppData\Local\Temp\audiobook_gen\chunk_00163.mp3: [WinError 2] El sistema no puede encontrar el archivo especificado
2026-04-21 17:23:38 | ERROR    | audiobook_gen.audio_assembler | Error cargando fragmento C:\Users\EM2024~1\AppData\Local\Temp\audiobook_gen\chunk_00164.mp3: [WinError 2] El sistema no puede encontrar el archivo especificado
2026-04-21 17:23:38 | ERROR    | audiobook_gen.audio_assembler | Error cargando fragmento C:\Users\EM2024~1\AppData\Local\Temp\audiobook_gen\chunk_00165.mp3: [WinError 2] El sistema no puede encontrar el archivo especificado
2026-04-21 17:23:38 | ERROR    | audiobook_gen.audio_assembler | Error cargando fragmento C:\Users\EM2024~1\AppData\Local\Temp\audiobook_gen\chunk_00166.mp3: [WinError 2] El sistema no puede encontrar el archivo especificado
2026-04-21 17:23:38 | ERROR    | audiobook_gen.audio_assembler | Error cargando fragmento C:\Users\EM2024~1\AppData\Local\Temp\audiobook_gen\chunk_00167.mp3: [WinError 2] El sistema no puede encontrar el archivo especificado
2026-04-21 17:23:38 | ERROR    | audiobook_gen.audio_assembler | Error cargando fragmento C:\Users\EM2024~1\AppData\Local\Temp\audiobook_gen\chunk_00168.mp3: [WinError 2] El sistema no puede encontrar el archivo especificado
2026-04-21 17:23:38 | ERROR    | audiobook_gen.audio_assembler | Error cargando fragmento C:\Users\EM2024~1\AppData\Local\Temp\audiobook_gen\chunk_00169.mp3: [WinError 2] El sistema no puede encontrar el archivo especificado
2026-04-21 17:23:38 | ERROR    | audiobook_gen.audio_assembler | Error cargando fragmento C:\Users\EM2024~1\AppData\Local\Temp\audiobook_gen\chunk_00170.mp3: [WinError 2] El sistema no puede encontrar el archivo especificado
2026-04-21 17:23:38 | ERROR    | audiobook_gen.audio_assembler | Error cargando fragmento C:\Users\EM2024~1\AppData\Local\Temp\audiobook_gen\chunk_00171.mp3: [WinError 2] El sistema no puede encontrar el archivo especificado
2026-04-21 17:23:38 | ERROR    | audiobook_gen.audio_assembler | Error cargando fragmento C:\Users\EM2024~1\AppData\Local\Temp\audiobook_gen\chunk_00172.mp3: [WinError 2] El sistema no puede encontrar el archivo especificado
2026-04-21 17:23:38 | ERROR    | audiobook_gen.audio_assembler | Error cargando fragmento C:\Users\EM2024~1\AppData\Local\Temp\audiobook_gen\chunk_00173.mp3: [WinError 2] El sistema no puede encontrar el archivo especificado
2026-04-21 17:23:38 | ERROR    | audiobook_gen.audio_assembler | Error cargando fragmento C:\Users\EM2024~1\AppData\Local\Temp\audiobook_gen\chunk_00174.mp3: [WinError 2] El sistema no puede encontrar el archivo especificado
2026-04-21 17:23:38 | ERROR    | audiobook_gen.audio_assembler | Error cargando fragmento C:\Users\EM2024~1\AppData\Local\Temp\audiobook_gen\chunk_00175.mp3: [WinError 2] El sistema no puede encontrar el archivo especificado
2026-04-21 17:23:38 | ERROR    | audiobook_gen.audio_assembler | Error cargando fragmento C:\Users\EM2024~1\AppData\Local\Temp\audiobook_gen\chunk_00176.mp3: [WinError 2] El sistema no puede encontrar el archivo especificado
2026-04-21 17:23:38 | ERROR    | audiobook_gen.audio_assembler | Error cargando fragmento C:\Users\EM2024~1\AppData\Local\Temp\audiobook_gen\chunk_00177.mp3: [WinError 2] El sistema no puede encontrar el archivo especificado
2026-04-21 17:23:38 | ERROR    | audiobook_gen.audio_assembler | Error cargando fragmento C:\Users\EM2024~1\AppData\Local\Temp\audiobook_gen\chunk_00178.mp3: [WinError 2] El sistema no puede encontrar el archivo especificado
2026-04-21 17:23:39 | ERROR    | audiobook_gen.audio_assembler | Error cargando fragmento C:\Users\EM2024~1\AppData\Local\Temp\audiobook_gen\chunk_00179.mp3: [WinError 2] El sistema no puede encontrar el archivo especificado
2026-04-21 17:23:39 | ERROR    | audiobook_gen.audio_assembler | Error cargando fragmento C:\Users\EM2024~1\AppData\Local\Temp\audiobook_gen\chunk_00180.mp3: [WinError 2] El sistema no puede encontrar el archivo especificado
2026-04-21 17:23:39 | ERROR    | audiobook_gen.audio_assembler | Error cargando fragmento C:\Users\EM2024~1\AppData\Local\Temp\audiobook_gen\chunk_00181.mp3: [WinError 2] El sistema no puede encontrar el archivo especificado
2026-04-21 17:23:39 | ERROR    | audiobook_gen.audio_assembler | Error cargando fragmento C:\Users\EM2024~1\AppData\Local\Temp\audiobook_gen\chunk_00182.mp3: [WinError 2] El sistema no puede encontrar el archivo especificado
2026-04-21 17:23:39 | ERROR    | audiobook_gen.audio_assembler | Error cargando fragmento C:\Users\EM2024~1\AppData\Local\Temp\audiobook_gen\chunk_00183.mp3: [WinError 2] El sistema no puede encontrar el archivo especificado
2026-04-21 17:23:39 | ERROR    | audiobook_gen.audio_assembler | Error cargando fragmento C:\Users\EM2024~1\AppData\Local\Temp\audiobook_gen\chunk_00184.mp3: [WinError 2] El sistema no puede encontrar el archivo especificado
2026-04-21 17:23:39 | ERROR    | audiobook_gen.audio_assembler | Error cargando fragmento C:\Users\EM2024~1\AppData\Local\Temp\audiobook_gen\chunk_00185.mp3: [WinError 2] El sistema no puede encontrar el archivo especificado
2026-04-21 17:23:39 | ERROR    | audiobook_gen.audio_assembler | Error cargando fragmento C:\Users\EM2024~1\AppData\Local\Temp\audiobook_gen\chunk_00186.mp3: [WinError 2] El sistema no puede encontrar el archivo especificado
2026-04-21 17:23:39 | ERROR    | audiobook_gen.audio_assembler | Error cargando fragmento C:\Users\EM2024~1\AppData\Local\Temp\audiobook_gen\chunk_00187.mp3: [WinError 2] El sistema no puede encontrar el archivo especificado
2026-04-21 17:23:39 | ERROR    | audiobook_gen.audio_assembler | Error cargando fragmento C:\Users\EM2024~1\AppData\Local\Temp\audiobook_gen\chunk_00188.mp3: [WinError 2] El sistema no puede encontrar el archivo especificado
2026-04-21 17:23:39 | ERROR    | audiobook_gen.audio_assembler | Error cargando fragmento C:\Users\EM2024~1\AppData\Local\Temp\audiobook_gen\chunk_00189.mp3: [WinError 2] El sistema no puede encontrar el archivo especificado
2026-04-21 17:23:39 | ERROR    | audiobook_gen.audio_assembler | Error cargando fragmento C:\Users\EM2024~1\AppData\Local\Temp\audiobook_gen\chunk_00190.mp3: [WinError 2] El sistema no puede encontrar el archivo especificado
2026-04-21 17:23:39 | ERROR    | audiobook_gen.audio_assembler | Error cargando fragmento C:\Users\EM2024~1\AppData\Local\Temp\audiobook_gen\chunk_00191.mp3: [WinError 2] El sistema no puede encontrar el archivo especificado
2026-04-21 17:23:39 | ERROR    | audiobook_gen.audio_assembler | Error cargando fragmento C:\Users\EM2024~1\AppData\Local\Temp\audiobook_gen\chunk_00192.mp3: [WinError 2] El sistema no puede encontrar el archivo especificado
2026-04-21 17:23:39 | ERROR    | audiobook_gen.audio_assembler | Error cargando fragmento C:\Users\EM2024~1\AppData\Local\Temp\audiobook_gen\chunk_00193.mp3: [WinError 2] El sistema no puede encontrar el archivo especificado
2026-04-21 17:23:39 | ERROR    | audiobook_gen.audio_assembler | Error cargando fragmento C:\Users\EM2024~1\AppData\Local\Temp\audiobook_gen\chunk_00194.mp3: [WinError 2] El sistema no puede encontrar el archivo especificado
2026-04-21 17:23:39 | ERROR    | audiobook_gen.audio_assembler | Error cargando fragmento C:\Users\EM2024~1\AppData\Local\Temp\audiobook_gen\chunk_00195.mp3: [WinError 2] El sistema no puede encontrar el archivo especificado
2026-04-21 17:23:39 | ERROR    | audiobook_gen.audio_assembler | Error cargando fragmento C:\Users\EM2024~1\AppData\Local\Temp\audiobook_gen\chunk_00196.mp3: [WinError 2] El sistema no puede encontrar el archivo especificado
2026-04-21 17:23:39 | ERROR    | audiobook_gen.audio_assembler | Error cargando fragmento C:\Users\EM2024~1\AppData\Local\Temp\audiobook_gen\chunk_00197.mp3: [WinError 2] El sistema no puede encontrar el archivo especificado
2026-04-21 17:23:39 | ERROR    | audiobook_gen.audio_assembler | Error cargando fragmento C:\Users\EM2024~1\AppData\Local\Temp\audiobook_gen\chunk_00198.mp3: [WinError 2] El sistema no puede encontrar el archivo especificado
2026-04-21 17:23:39 | ERROR    | audiobook_gen.audio_assembler | Error cargando fragmento C:\Users\EM2024~1\AppData\Local\Temp\audiobook_gen\chunk_00199.mp3: [WinError 2] El sistema no puede encontrar el archivo especificado
2026-04-21 17:23:39 | ERROR    | audiobook_gen.audio_assembler | Error cargando fragmento C:\Users\EM2024~1\AppData\Local\Temp\audiobook_gen\chunk_00200.mp3: [WinError 2] El sistema no puede encontrar el archivo especificado
2026-04-21 17:23:39 | ERROR    | audiobook_gen.audio_assembler | Error cargando fragmento C:\Users\EM2024~1\AppData\Local\Temp\audiobook_gen\chunk_00201.mp3: [WinError 2] El sistema no puede encontrar el archivo especificado
2026-04-21 17:23:39 | ERROR    | audiobook_gen.audio_assembler | Error cargando fragmento C:\Users\EM2024~1\AppData\Local\Temp\audiobook_gen\chunk_00202.mp3: [WinError 2] El sistema no puede encontrar el archivo especificado
2026-04-21 17:23:39 | ERROR    | audiobook_gen.audio_assembler | Error cargando fragmento C:\Users\EM2024~1\AppData\Local\Temp\audiobook_gen\chunk_00203.mp3: [WinError 2] El sistema no puede encontrar el archivo especificado
2026-04-21 17:23:39 | ERROR    | audiobook_gen.audio_assembler | Error cargando fragmento C:\Users\EM2024~1\AppData\Local\Temp\audiobook_gen\chunk_00204.mp3: [WinError 2] El sistema no puede encontrar el archivo especificado
2026-04-21 17:23:39 | ERROR    | audiobook_gen.audio_assembler | Error cargando fragmento C:\Users\EM2024~1\AppData\Local\Temp\audiobook_gen\chunk_00205.mp3: [WinError 2] El sistema no puede encontrar el archivo especificado
2026-04-21 17:23:39 | ERROR    | audiobook_gen.audio_assembler | Error cargando fragmento C:\Users\EM2024~1\AppData\Local\Temp\audiobook_gen\chunk_00206.mp3: [WinError 2] El sistema no puede encontrar el archivo especificado
2026-04-21 17:23:39 | ERROR    | audiobook_gen.audio_assembler | Error cargando fragmento C:\Users\EM2024~1\AppData\Local\Temp\audiobook_gen\chunk_00207.mp3: [WinError 2] El sistema no puede encontrar el archivo especificado
2026-04-21 17:23:39 | ERROR    | audiobook_gen.audio_assembler | Error cargando fragmento C:\Users\EM2024~1\AppData\Local\Temp\audiobook_gen\chunk_00208.mp3: [WinError 2] El sistema no puede encontrar el archivo especificado
2026-04-21 17:23:40 | ERROR    | audiobook_gen.audio_assembler | Error cargando fragmento C:\Users\EM2024~1\AppData\Local\Temp\audiobook_gen\chunk_00209.mp3: [WinError 2] El sistema no puede encontrar el archivo especificado
2026-04-21 17:23:40 | ERROR    | audiobook_gen.audio_assembler | Error cargando fragmento C:\Users\EM2024~1\AppData\Local\Temp\audiobook_gen\chunk_00210.mp3: [WinError 2] El sistema no puede encontrar el archivo especificado
2026-04-21 17:23:40 | ERROR    | audiobook_gen.audio_assembler | Error cargando fragmento C:\Users\EM2024~1\AppData\Local\Temp\audiobook_gen\chunk_00211.mp3: [WinError 2] El sistema no puede encontrar el archivo especificado
2026-04-21 17:23:40 | ERROR    | audiobook_gen.audio_assembler | Error cargando fragmento C:\Users\EM2024~1\AppData\Local\Temp\audiobook_gen\chunk_00212.mp3: [WinError 2] El sistema no puede encontrar el archivo especificado
2026-04-21 17:23:40 | ERROR    | audiobook_gen.audio_assembler | Error cargando fragmento C:\Users\EM2024~1\AppData\Local\Temp\audiobook_gen\chunk_00213.mp3: [WinError 2] El sistema no puede encontrar el archivo especificado
2026-04-21 17:23:40 | ERROR    | audiobook_gen.audio_assembler | Error cargando fragmento C:\Users\EM2024~1\AppData\Local\Temp\audiobook_gen\chunk_00214.mp3: [WinError 2] El sistema no puede encontrar el archivo especificado
2026-04-21 17:23:40 | ERROR    | audiobook_gen.audio_assembler | Error cargando fragmento C:\Users\EM2024~1\AppData\Local\Temp\audiobook_gen\chunk_00215.mp3: [WinError 2] El sistema no puede encontrar el archivo especificado
2026-04-21 17:23:40 | ERROR    | audiobook_gen.audio_assembler | Error cargando fragmento C:\Users\EM2024~1\AppData\Local\Temp\audiobook_gen\chunk_00216.mp3: [WinError 2] El sistema no puede encontrar el archivo especificado
2026-04-21 17:23:40 | ERROR    | audiobook_gen.audio_assembler | Error cargando fragmento C:\Users\EM2024~1\AppData\Local\Temp\audiobook_gen\chunk_00217.mp3: [WinError 2] El sistema no puede encontrar el archivo especificado
2026-04-21 17:23:40 | ERROR    | audiobook_gen.audio_assembler | Error cargando fragmento C:\Users\EM2024~1\AppData\Local\Temp\audiobook_gen\chunk_00218.mp3: [WinError 2] El sistema no puede encontrar el archivo especificado
2026-04-21 17:23:40 | ERROR    | audiobook_gen.audio_assembler | Error cargando fragmento C:\Users\EM2024~1\AppData\Local\Temp\audiobook_gen\chunk_00219.mp3: [WinError 2] El sistema no puede encontrar el archivo especificado
2026-04-21 17:23:40 | ERROR    | audiobook_gen.audio_assembler | Error cargando fragmento C:\Users\EM2024~1\AppData\Local\Temp\audiobook_gen\chunk_00220.mp3: [WinError 2] El sistema no puede encontrar el archivo especificado
2026-04-21 17:23:40 | ERROR    | audiobook_gen.audio_assembler | Error cargando fragmento C:\Users\EM2024~1\AppData\Local\Temp\audiobook_gen\chunk_00221.mp3: [WinError 2] El sistema no puede encontrar el archivo especificado
2026-04-21 17:23:40 | ERROR    | audiobook_gen.audio_assembler | Error cargando fragmento C:\Users\EM2024~1\AppData\Local\Temp\audiobook_gen\chunk_00222.mp3: [WinError 2] El sistema no puede encontrar el archivo especificado
2026-04-21 17:23:40 | ERROR    | audiobook_gen.audio_assembler | Error cargando fragmento C:\Users\EM2024~1\AppData\Local\Temp\audiobook_gen\chunk_00223.mp3: [WinError 2] El sistema no puede encontrar el archivo especificado
2026-04-21 17:23:40 | ERROR    | audiobook_gen.audio_assembler | Error cargando fragmento C:\Users\EM2024~1\AppData\Local\Temp\audiobook_gen\chunk_00224.mp3: [WinError 2] El sistema no puede encontrar el archivo especificado
2026-04-21 17:23:40 | ERROR    | audiobook_gen.audio_assembler | Error cargando fragmento C:\Users\EM2024~1\AppData\Local\Temp\audiobook_gen\chunk_00225.mp3: [WinError 2] El sistema no puede encontrar el archivo especificado
2026-04-21 17:23:40 | ERROR    | audiobook_gen.audio_assembler | Error cargando fragmento C:\Users\EM2024~1\AppData\Local\Temp\audiobook_gen\chunk_00226.mp3: [WinError 2] El sistema no puede encontrar el archivo especificado
2026-04-21 17:23:40 | ERROR    | audiobook_gen.audio_assembler | Error cargando fragmento C:\Users\EM2024~1\AppData\Local\Temp\audiobook_gen\chunk_00227.mp3: [WinError 2] El sistema no puede encontrar el archivo especificado
2026-04-21 17:23:40 | ERROR    | audiobook_gen.audio_assembler | Error cargando fragmento C:\Users\EM2024~1\AppData\Local\Temp\audiobook_gen\chunk_00228.mp3: [WinError 2] El sistema no puede encontrar el archivo especificado
2026-04-21 17:23:40 | ERROR    | audiobook_gen.audio_assembler | Error cargando fragmento C:\Users\EM2024~1\AppData\Local\Temp\audiobook_gen\chunk_00229.mp3: [WinError 2] El sistema no puede encontrar el archivo especificado
2026-04-21 17:23:40 | ERROR    | audiobook_gen.audio_assembler | Error cargando fragmento C:\Users\EM2024~1\AppData\Local\Temp\audiobook_gen\chunk_00230.mp3: [WinError 2] El sistema no puede encontrar el archivo especificado
2026-04-21 17:23:40 | ERROR    | audiobook_gen.audio_assembler | Error cargando fragmento C:\Users\EM2024~1\AppData\Local\Temp\audiobook_gen\chunk_00231.mp3: [WinError 2] El sistema no puede encontrar el archivo especificado
2026-04-21 17:23:40 | ERROR    | audiobook_gen.audio_assembler | Error cargando fragmento C:\Users\EM2024~1\AppData\Local\Temp\audiobook_gen\chunk_00232.mp3: [WinError 2] El sistema no puede encontrar el archivo especificado
2026-04-21 17:23:40 | ERROR    | audiobook_gen.audio_assembler | Error cargando fragmento C:\Users\EM2024~1\AppData\Local\Temp\audiobook_gen\chunk_00233.mp3: [WinError 2] El sistema no puede encontrar el archivo especificado
2026-04-21 17:23:40 | ERROR    | audiobook_gen.audio_assembler | Error cargando fragmento C:\Users\EM2024~1\AppData\Local\Temp\audiobook_gen\chunk_00234.mp3: [WinError 2] El sistema no puede encontrar el archivo especificado
2026-04-21 17:23:40 | ERROR    | audiobook_gen.audio_assembler | Error cargando fragmento C:\Users\EM2024~1\AppData\Local\Temp\audiobook_gen\chunk_00235.mp3: [WinError 2] El sistema no puede encontrar el archivo especificado
2026-04-21 17:23:40 | ERROR    | audiobook_gen.audio_assembler | Error cargando fragmento C:\Users\EM2024~1\AppData\Local\Temp\audiobook_gen\chunk_00236.mp3: [WinError 2] El sistema no puede encontrar el archivo especificado
2026-04-21 17:23:40 | ERROR    | audiobook_gen.audio_assembler | Error cargando fragmento C:\Users\EM2024~1\AppData\Local\Temp\audiobook_gen\chunk_00237.mp3: [WinError 2] El sistema no puede encontrar el archivo especificado
2026-04-21 17:23:41 | ERROR    | audiobook_gen.audio_assembler | Error cargando fragmento C:\Users\EM2024~1\AppData\Local\Temp\audiobook_gen\chunk_00238.mp3: [WinError 2] El sistema no puede encontrar el archivo especificado
2026-04-21 17:23:41 | ERROR    | audiobook_gen.audio_assembler | Error cargando fragmento C:\Users\EM2024~1\AppData\Local\Temp\audiobook_gen\chunk_00239.mp3: [WinError 2] El sistema no puede encontrar el archivo especificado
2026-04-21 17:23:41 | ERROR    | audiobook_gen.audio_assembler | Error cargando fragmento C:\Users\EM2024~1\AppData\Local\Temp\audiobook_gen\chunk_00240.mp3: [WinError 2] El sistema no puede encontrar el archivo especificado
2026-04-21 17:23:41 | ERROR    | audiobook_gen.audio_assembler | Error cargando fragmento C:\Users\EM2024~1\AppData\Local\Temp\audiobook_gen\chunk_00241.mp3: [WinError 2] El sistema no puede encontrar el archivo especificado
2026-04-21 17:23:41 | ERROR    | audiobook_gen.audio_assembler | Error cargando fragmento C:\Users\EM2024~1\AppData\Local\Temp\audiobook_gen\chunk_00242.mp3: [WinError 2] El sistema no puede encontrar el archivo especificado
2026-04-21 17:23:41 | ERROR    | audiobook_gen.audio_assembler | Error cargando fragmento C:\Users\EM2024~1\AppData\Local\Temp\audiobook_gen\chunk_00243.mp3: [WinError 2] El sistema no puede encontrar el archivo especificado
2026-04-21 17:23:41 | ERROR    | audiobook_gen.audio_assembler | Error cargando fragmento C:\Users\EM2024~1\AppData\Local\Temp\audiobook_gen\chunk_00244.mp3: [WinError 2] El sistema no puede encontrar el archivo especificado
2026-04-21 17:23:41 | ERROR    | audiobook_gen.audio_assembler | Error cargando fragmento C:\Users\EM2024~1\AppData\Local\Temp\audiobook_gen\chunk_00245.mp3: [WinError 2] El sistema no puede encontrar el archivo especificado
2026-04-21 17:23:41 | ERROR    | audiobook_gen.audio_assembler | Error cargando fragmento C:\Users\EM2024~1\AppData\Local\Temp\audiobook_gen\chunk_00246.mp3: [WinError 2] El sistema no puede encontrar el archivo especificado
2026-04-21 17:23:41 | ERROR    | audiobook_gen.audio_assembler | Error cargando fragmento C:\Users\EM2024~1\AppData\Local\Temp\audiobook_gen\chunk_00247.mp3: [WinError 2] El sistema no puede encontrar el archivo especificado
2026-04-21 17:23:41 | ERROR    | audiobook_gen.audio_assembler | Error cargando fragmento C:\Users\EM2024~1\AppData\Local\Temp\audiobook_gen\chunk_00248.mp3: [WinError 2] El sistema no puede encontrar el archivo especificado
2026-04-21 17:23:41 | ERROR    | audiobook_gen.audio_assembler | Error cargando fragmento C:\Users\EM2024~1\AppData\Local\Temp\audiobook_gen\chunk_00249.mp3: [WinError 2] El sistema no puede encontrar el archivo especificado
2026-04-21 17:23:41 | ERROR    | audiobook_gen.audio_assembler | Error cargando fragmento C:\Users\EM2024~1\AppData\Local\Temp\audiobook_gen\chunk_00250.mp3: [WinError 2] El sistema no puede encontrar el archivo especificado
2026-04-21 17:23:41 | ERROR    | audiobook_gen.audio_assembler | Error cargando fragmento C:\Users\EM2024~1\AppData\Local\Temp\audiobook_gen\chunk_00251.mp3: [WinError 2] El sistema no puede encontrar el archivo especificado
2026-04-21 17:23:41 | ERROR    | audiobook_gen.audio_assembler | Error cargando fragmento C:\Users\EM2024~1\AppData\Local\Temp\audiobook_gen\chunk_00252.mp3: [WinError 2] El sistema no puede encontrar el archivo especificado
2026-04-21 17:23:41 | ERROR    | audiobook_gen.audio_assembler | Error cargando fragmento C:\Users\EM2024~1\AppData\Local\Temp\audiobook_gen\chunk_00253.mp3: [WinError 2] El sistema no puede encontrar el archivo especificado
2026-04-21 17:23:41 | ERROR    | audiobook_gen.audio_assembler | Error cargando fragmento C:\Users\EM2024~1\AppData\Local\Temp\audiobook_gen\chunk_00254.mp3: [WinError 2] El sistema no puede encontrar el archivo especificado
2026-04-21 17:23:41 | ERROR    | audiobook_gen.audio_assembler | Error cargando fragmento C:\Users\EM2024~1\AppData\Local\Temp\audiobook_gen\chunk_00255.mp3: [WinError 2] El sistema no puede encontrar el archivo especificado
2026-04-21 17:23:41 | ERROR    | audiobook_gen.audio_assembler | Error cargando fragmento C:\Users\EM2024~1\AppData\Local\Temp\audiobook_gen\chunk_00256.mp3: [WinError 2] El sistema no puede encontrar el archivo especificado
2026-04-21 17:23:41 | ERROR    | audiobook_gen.audio_assembler | Error cargando fragmento C:\Users\EM2024~1\AppData\Local\Temp\audiobook_gen\chunk_00257.mp3: [WinError 2] El sistema no puede encontrar el archivo especificado
2026-04-21 17:23:41 | ERROR    | audiobook_gen.audio_assembler | Error cargando fragmento C:\Users\EM2024~1\AppData\Local\Temp\audiobook_gen\chunk_00258.mp3: [WinError 2] El sistema no puede encontrar el archivo especificado
2026-04-21 17:23:41 | ERROR    | audiobook_gen.audio_assembler | Error cargando fragmento C:\Users\EM2024~1\AppData\Local\Temp\audiobook_gen\chunk_00259.mp3: [WinError 2] El sistema no puede encontrar el archivo especificado
2026-04-21 17:23:41 | ERROR    | audiobook_gen.audio_assembler | Error cargando fragmento C:\Users\EM2024~1\AppData\Local\Temp\audiobook_gen\chunk_00260.mp3: [WinError 2] El sistema no puede encontrar el archivo especificado
2026-04-21 17:23:41 | ERROR    | audiobook_gen.audio_assembler | Error cargando fragmento C:\Users\EM2024~1\AppData\Local\Temp\audiobook_gen\chunk_00261.mp3: [WinError 2] El sistema no puede encontrar el archivo especificado
2026-04-21 17:23:41 | ERROR    | audiobook_gen.audio_assembler | Error cargando fragmento C:\Users\EM2024~1\AppData\Local\Temp\audiobook_gen\chunk_00262.mp3: [WinError 2] El sistema no puede encontrar el archivo especificado
2026-04-21 17:23:41 | ERROR    | audiobook_gen.audio_assembler | Error cargando fragmento C:\Users\EM2024~1\AppData\Local\Temp\audiobook_gen\chunk_00263.mp3: [WinError 2] El sistema no puede encontrar el archivo especificado
2026-04-21 17:23:41 | ERROR    | audiobook_gen.audio_assembler | Error cargando fragmento C:\Users\EM2024~1\AppData\Local\Temp\audiobook_gen\chunk_00264.mp3: [WinError 2] El sistema no puede encontrar el archivo especificado
2026-04-21 17:23:41 | ERROR    | audiobook_gen.audio_assembler | Error cargando fragmento C:\Users\EM2024~1\AppData\Local\Temp\audiobook_gen\chunk_00265.mp3: [WinError 2] El sistema no puede encontrar el archivo especificado
2026-04-21 17:23:41 | ERROR    | audiobook_gen.audio_assembler | Error cargando fragmento C:\Users\EM2024~1\AppData\Local\Temp\audiobook_gen\chunk_00266.mp3: [WinError 2] El sistema no puede encontrar el archivo especificado
2026-04-21 17:23:42 | ERROR    | audiobook_gen.audio_assembler | Error cargando fragmento C:\Users\EM2024~1\AppData\Local\Temp\audiobook_gen\chunk_00267.mp3: [WinError 2] El sistema no puede encontrar el archivo especificado
2026-04-21 17:23:42 | ERROR    | audiobook_gen.audio_assembler | Error cargando fragmento C:\Users\EM2024~1\AppData\Local\Temp\audiobook_gen\chunk_00268.mp3: [WinError 2] El sistema no puede encontrar el archivo especificado
2026-04-21 17:23:42 | ERROR    | audiobook_gen.audio_assembler | Error cargando fragmento C:\Users\EM2024~1\AppData\Local\Temp\audiobook_gen\chunk_00269.mp3: [WinError 2] El sistema no puede encontrar el archivo especificado
2026-04-21 17:23:42 | ERROR    | audiobook_gen.audio_assembler | Error cargando fragmento C:\Users\EM2024~1\AppData\Local\Temp\audiobook_gen\chunk_00270.mp3: [WinError 2] El sistema no puede encontrar el archivo especificado
2026-04-21 17:23:42 | ERROR    | audiobook_gen.audio_assembler | Error cargando fragmento C:\Users\EM2024~1\AppData\Local\Temp\audiobook_gen\chunk_00271.mp3: [WinError 2] El sistema no puede encontrar el archivo especificado
2026-04-21 17:23:42 | ERROR    | audiobook_gen.audio_assembler | Error cargando fragmento C:\Users\EM2024~1\AppData\Local\Temp\audiobook_gen\chunk_00272.mp3: [WinError 2] El sistema no puede encontrar el archivo especificado
2026-04-21 17:23:42 | ERROR    | audiobook_gen.audio_assembler | Error cargando fragmento C:\Users\EM2024~1\AppData\Local\Temp\audiobook_gen\chunk_00273.mp3: [WinError 2] El sistema no puede encontrar el archivo especificado
2026-04-21 17:23:42 | ERROR    | audiobook_gen.audio_assembler | Error cargando fragmento C:\Users\EM2024~1\AppData\Local\Temp\audiobook_gen\chunk_00274.mp3: [WinError 2] El sistema no puede encontrar el archivo especificado
2026-04-21 17:23:42 | ERROR    | audiobook_gen.audio_assembler | Error cargando fragmento C:\Users\EM2024~1\AppData\Local\Temp\audiobook_gen\chunk_00275.mp3: [WinError 2] El sistema no puede encontrar el archivo especificado
2026-04-21 17:23:42 | ERROR    | audiobook_gen.audio_assembler | Error cargando fragmento C:\Users\EM2024~1\AppData\Local\Temp\audiobook_gen\chunk_00276.mp3: [WinError 2] El sistema no puede encontrar el archivo especificado
2026-04-21 17:23:42 | ERROR    | audiobook_gen.audio_assembler | Error cargando fragmento C:\Users\EM2024~1\AppData\Local\Temp\audiobook_gen\chunk_00277.mp3: [WinError 2] El sistema no puede encontrar el archivo especificado
2026-04-21 17:23:42 | ERROR    | audiobook_gen.audio_assembler | Error cargando fragmento C:\Users\EM2024~1\AppData\Local\Temp\audiobook_gen\chunk_00278.mp3: [WinError 2] El sistema no puede encontrar el archivo especificado
2026-04-21 17:23:42 | ERROR    | audiobook_gen.audio_assembler | Error cargando fragmento C:\Users\EM2024~1\AppData\Local\Temp\audiobook_gen\chunk_00279.mp3: [WinError 2] El sistema no puede encontrar el archivo especificado
2026-04-21 17:23:42 | ERROR    | audiobook_gen.audio_assembler | Error cargando fragmento C:\Users\EM2024~1\AppData\Local\Temp\audiobook_gen\chunk_00280.mp3: [WinError 2] El sistema no puede encontrar el archivo especificado
2026-04-21 17:23:42 | ERROR    | audiobook_gen.audio_assembler | Error cargando fragmento C:\Users\EM2024~1\AppData\Local\Temp\audiobook_gen\chunk_00281.mp3: [WinError 2] El sistema no puede encontrar el archivo especificado
2026-04-21 17:23:42 | ERROR    | audiobook_gen.audio_assembler | Error cargando fragmento C:\Users\EM2024~1\AppData\Local\Temp\audiobook_gen\chunk_00282.mp3: [WinError 2] El sistema no puede encontrar el archivo especificado
2026-04-21 17:23:42 | ERROR    | audiobook_gen.audio_assembler | Error cargando fragmento C:\Users\EM2024~1\AppData\Local\Temp\audiobook_gen\chunk_00283.mp3: [WinError 2] El sistema no puede encontrar el archivo especificado
2026-04-21 17:23:42 | ERROR    | audiobook_gen.audio_assembler | Error cargando fragmento C:\Users\EM2024~1\AppData\Local\Temp\audiobook_gen\chunk_00284.mp3: [WinError 2] El sistema no puede encontrar el archivo especificado
2026-04-21 17:23:42 | ERROR    | audiobook_gen.audio_assembler | Error cargando fragmento C:\Users\EM2024~1\AppData\Local\Temp\audiobook_gen\chunk_00285.mp3: [WinError 2] El sistema no puede encontrar el archivo especificado
2026-04-21 17:23:42 | ERROR    | audiobook_gen.audio_assembler | Error cargando fragmento C:\Users\EM2024~1\AppData\Local\Temp\audiobook_gen\chunk_00286.mp3: [WinError 2] El sistema no puede encontrar el archivo especificado
2026-04-21 17:23:42 | ERROR    | audiobook_gen.audio_assembler | Error cargando fragmento C:\Users\EM2024~1\AppData\Local\Temp\audiobook_gen\chunk_00287.mp3: [WinError 2] El sistema no puede encontrar el archivo especificado
2026-04-21 17:23:42 | ERROR    | audiobook_gen.audio_assembler | Error cargando fragmento C:\Users\EM2024~1\AppData\Local\Temp\audiobook_gen\chunk_00288.mp3: [WinError 2] El sistema no puede encontrar el archivo especificado
2026-04-21 17:23:42 | ERROR    | audiobook_gen.audio_assembler | Error cargando fragmento C:\Users\EM2024~1\AppData\Local\Temp\audiobook_gen\chunk_00289.mp3: [WinError 2] El sistema no puede encontrar el archivo especificado
2026-04-21 17:23:42 | ERROR    | audiobook_gen.audio_assembler | Error cargando fragmento C:\Users\EM2024~1\AppData\Local\Temp\audiobook_gen\chunk_00290.mp3: [WinError 2] El sistema no puede encontrar el archivo especificado
2026-04-21 17:23:42 | ERROR    | audiobook_gen.audio_assembler | Error cargando fragmento C:\Users\EM2024~1\AppData\Local\Temp\audiobook_gen\chunk_00291.mp3: [WinError 2] El sistema no puede encontrar el archivo especificado
2026-04-21 17:23:42 | ERROR    | audiobook_gen.audio_assembler | Error cargando fragmento C:\Users\EM2024~1\AppData\Local\Temp\audiobook_gen\chunk_00292.mp3: [WinError 2] El sistema no puede encontrar el archivo especificado
2026-04-21 17:23:42 | ERROR    | audiobook_gen.audio_assembler | Error cargando fragmento C:\Users\EM2024~1\AppData\Local\Temp\audiobook_gen\chunk_00293.mp3: [WinError 2] El sistema no puede encontrar el archivo especificado
2026-04-21 17:23:43 | ERROR    | audiobook_gen.audio_assembler | Error cargando fragmento C:\Users\EM2024~1\AppData\Local\Temp\audiobook_gen\chunk_00294.mp3: [WinError 2] El sistema no puede encontrar el archivo especificado
2026-04-21 17:23:43 | ERROR    | audiobook_gen.audio_assembler | Error cargando fragmento C:\Users\EM2024~1\AppData\Local\Temp\audiobook_gen\chunk_00295.mp3: [WinError 2] El sistema no puede encontrar el archivo especificado
2026-04-21 17:23:43 | ERROR    | audiobook_gen.audio_assembler | Error cargando fragmento C:\Users\EM2024~1\AppData\Local\Temp\audiobook_gen\chunk_00296.mp3: [WinError 2] El sistema no puede encontrar el archivo especificado
2026-04-21 17:23:43 | ERROR    | audiobook_gen.audio_assembler | Error cargando fragmento C:\Users\EM2024~1\AppData\Local\Temp\audiobook_gen\chunk_00297.mp3: [WinError 2] El sistema no puede encontrar el archivo especificado
2026-04-21 17:23:43 | ERROR    | audiobook_gen.audio_assembler | Error cargando fragmento C:\Users\EM2024~1\AppData\Local\Temp\audiobook_gen\chunk_00298.mp3: [WinError 2] El sistema no puede encontrar el archivo especificado
2026-04-21 17:23:43 | ERROR    | audiobook_gen.audio_assembler | Error cargando fragmento C:\Users\EM2024~1\AppData\Local\Temp\audiobook_gen\chunk_00299.mp3: [WinError 2] El sistema no puede encontrar el archivo especificado
2026-04-21 17:23:43 | ERROR    | audiobook_gen.audio_assembler | Error cargando fragmento C:\Users\EM2024~1\AppData\Local\Temp\audiobook_gen\chunk_00300.mp3: [WinError 2] El sistema no puede encontrar el archivo especificado
2026-04-21 17:23:43 | ERROR    | audiobook_gen.audio_assembler | Error cargando fragmento C:\Users\EM2024~1\AppData\Local\Temp\audiobook_gen\chunk_00301.mp3: [WinError 2] El sistema no puede encontrar el archivo especificado
2026-04-21 17:23:43 | ERROR    | audiobook_gen.audio_assembler | Error cargando fragmento C:\Users\EM2024~1\AppData\Local\Temp\audiobook_gen\chunk_00302.mp3: [WinError 2] El sistema no puede encontrar el archivo especificado
2026-04-21 17:23:43 | ERROR    | audiobook_gen.audio_assembler | Error cargando fragmento C:\Users\EM2024~1\AppData\Local\Temp\audiobook_gen\chunk_00303.mp3: [WinError 2] El sistema no puede encontrar el archivo especificado
2026-04-21 17:23:43 | ERROR    | audiobook_gen.audio_assembler | Error cargando fragmento C:\Users\EM2024~1\AppData\Local\Temp\audiobook_gen\chunk_00304.mp3: [WinError 2] El sistema no puede encontrar el archivo especificado
2026-04-21 17:23:43 | ERROR    | audiobook_gen.audio_assembler | Error cargando fragmento C:\Users\EM2024~1\AppData\Local\Temp\audiobook_gen\chunk_00305.mp3: [WinError 2] El sistema no puede encontrar el archivo especificado
2026-04-21 17:23:43 | ERROR    | audiobook_gen.audio_assembler | Error cargando fragmento C:\Users\EM2024~1\AppData\Local\Temp\audiobook_gen\chunk_00306.mp3: [WinError 2] El sistema no puede encontrar el archivo especificado
2026-04-21 17:23:43 | ERROR    | audiobook_gen.audio_assembler | Error cargando fragmento C:\Users\EM2024~1\AppData\Local\Temp\audiobook_gen\chunk_00307.mp3: [WinError 2] El sistema no puede encontrar el archivo especificado
2026-04-21 17:23:43 | ERROR    | audiobook_gen.audio_assembler | Error cargando fragmento C:\Users\EM2024~1\AppData\Local\Temp\audiobook_gen\chunk_00308.mp3: [WinError 2] El sistema no puede encontrar el archivo especificado
2026-04-21 17:23:43 | ERROR    | audiobook_gen.audio_assembler | Error cargando fragmento C:\Users\EM2024~1\AppData\Local\Temp\audiobook_gen\chunk_00309.mp3: [WinError 2] El sistema no puede encontrar el archivo especificado
2026-04-21 17:23:43 | ERROR    | audiobook_gen.audio_assembler | Error cargando fragmento C:\Users\EM2024~1\AppData\Local\Temp\audiobook_gen\chunk_00310.mp3: [WinError 2] El sistema no puede encontrar el archivo especificado
2026-04-21 17:23:43 | ERROR    | audiobook_gen.audio_assembler | Error cargando fragmento C:\Users\EM2024~1\AppData\Local\Temp\audiobook_gen\chunk_00311.mp3: [WinError 2] El sistema no puede encontrar el archivo especificado
2026-04-21 17:23:43 | ERROR    | audiobook_gen.audio_assembler | Error cargando fragmento C:\Users\EM2024~1\AppData\Local\Temp\audiobook_gen\chunk_00312.mp3: [WinError 2] El sistema no puede encontrar el archivo especificado
2026-04-21 17:23:43 | ERROR    | audiobook_gen.audio_assembler | Error cargando fragmento C:\Users\EM2024~1\AppData\Local\Temp\audiobook_gen\chunk_00313.mp3: [WinError 2] El sistema no puede encontrar el archivo especificado
2026-04-21 17:23:43 | ERROR    | audiobook_gen.audio_assembler | Error cargando fragmento C:\Users\EM2024~1\AppData\Local\Temp\audiobook_gen\chunk_00314.mp3: [WinError 2] El sistema no puede encontrar el archivo especificado
2026-04-21 17:23:43 | ERROR    | audiobook_gen.audio_assembler | Error cargando fragmento C:\Users\EM2024~1\AppData\Local\Temp\audiobook_gen\chunk_00315.mp3: [WinError 2] El sistema no puede encontrar el archivo especificado
2026-04-21 17:23:43 | ERROR    | audiobook_gen.audio_assembler | Error cargando fragmento C:\Users\EM2024~1\AppData\Local\Temp\audiobook_gen\chunk_00316.mp3: [WinError 2] El sistema no puede encontrar el archivo especificado
2026-04-21 17:23:43 | ERROR    | audiobook_gen.audio_assembler | Error cargando fragmento C:\Users\EM2024~1\AppData\Local\Temp\audiobook_gen\chunk_00317.mp3: [WinError 2] El sistema no puede encontrar el archivo especificado
2026-04-21 17:23:43 | ERROR    | audiobook_gen.audio_assembler | Error cargando fragmento C:\Users\EM2024~1\AppData\Local\Temp\audiobook_gen\chunk_00318.mp3: [WinError 2] El sistema no puede encontrar el archivo especificado
2026-04-21 17:23:43 | ERROR    | audiobook_gen.audio_assembler | Error cargando fragmento C:\Users\EM2024~1\AppData\Local\Temp\audiobook_gen\chunk_00319.mp3: [WinError 2] El sistema no puede encontrar el archivo especificado
2026-04-21 17:23:43 | ERROR    | audiobook_gen.audio_assembler | Error cargando fragmento C:\Users\EM2024~1\AppData\Local\Temp\audiobook_gen\chunk_00320.mp3: [WinError 2] El sistema no puede encontrar el archivo especificado
2026-04-21 17:23:43 | ERROR    | audiobook_gen.audio_assembler | Error cargando fragmento C:\Users\EM2024~1\AppData\Local\Temp\audiobook_gen\chunk_00321.mp3: [WinError 2] El sistema no puede encontrar el archivo especificado
2026-04-21 17:23:44 | ERROR    | audiobook_gen.audio_assembler | Error cargando fragmento C:\Users\EM2024~1\AppData\Local\Temp\audiobook_gen\chunk_00322.mp3: [WinError 2] El sistema no puede encontrar el archivo especificado
2026-04-21 17:23:44 | ERROR    | audiobook_gen.audio_assembler | Error cargando fragmento C:\Users\EM2024~1\AppData\Local\Temp\audiobook_gen\chunk_00323.mp3: [WinError 2] El sistema no puede encontrar el archivo especificado
2026-04-21 17:23:44 | ERROR    | audiobook_gen.audio_assembler | Error cargando fragmento C:\Users\EM2024~1\AppData\Local\Temp\audiobook_gen\chunk_00324.mp3: [WinError 2] El sistema no puede encontrar el archivo especificado
2026-04-21 17:23:44 | ERROR    | audiobook_gen.audio_assembler | Error cargando fragmento C:\Users\EM2024~1\AppData\Local\Temp\audiobook_gen\chunk_00325.mp3: [WinError 2] El sistema no puede encontrar el archivo especificado
2026-04-21 17:23:44 | ERROR    | audiobook_gen.audio_assembler | Error cargando fragmento C:\Users\EM2024~1\AppData\Local\Temp\audiobook_gen\chunk_00326.mp3: [WinError 2] El sistema no puede encontrar el archivo especificado
2026-04-21 17:23:44 | ERROR    | audiobook_gen.audio_assembler | Error cargando fragmento C:\Users\EM2024~1\AppData\Local\Temp\audiobook_gen\chunk_00327.mp3: [WinError 2] El sistema no puede encontrar el archivo especificado
2026-04-21 17:23:44 | ERROR    | audiobook_gen.audio_assembler | Error cargando fragmento C:\Users\EM2024~1\AppData\Local\Temp\audiobook_gen\chunk_00328.mp3: [WinError 2] El sistema no puede encontrar el archivo especificado
2026-04-21 17:23:44 | ERROR    | audiobook_gen.audio_assembler | Error cargando fragmento C:\Users\EM2024~1\AppData\Local\Temp\audiobook_gen\chunk_00329.mp3: [WinError 2] El sistema no puede encontrar el archivo especificado
2026-04-21 17:23:44 | ERROR    | audiobook_gen.audio_assembler | Error cargando fragmento C:\Users\EM2024~1\AppData\Local\Temp\audiobook_gen\chunk_00330.mp3: [WinError 2] El sistema no puede encontrar el archivo especificado
2026-04-21 17:23:44 | ERROR    | audiobook_gen.audio_assembler | Error cargando fragmento C:\Users\EM2024~1\AppData\Local\Temp\audiobook_gen\chunk_00331.mp3: [WinError 2] El sistema no puede encontrar el archivo especificado
2026-04-21 17:23:44 | ERROR    | audiobook_gen.audio_assembler | Error cargando fragmento C:\Users\EM2024~1\AppData\Local\Temp\audiobook_gen\chunk_00332.mp3: [WinError 2] El sistema no puede encontrar el archivo especificado
2026-04-21 17:23:44 | ERROR    | audiobook_gen.audio_assembler | Error cargando fragmento C:\Users\EM2024~1\AppData\Local\Temp\audiobook_gen\chunk_00333.mp3: [WinError 2] El sistema no puede encontrar el archivo especificado
2026-04-21 17:23:44 | ERROR    | audiobook_gen.audio_assembler | Error cargando fragmento C:\Users\EM2024~1\AppData\Local\Temp\audiobook_gen\chunk_00334.mp3: [WinError 2] El sistema no puede encontrar el archivo especificado
2026-04-21 17:23:44 | ERROR    | audiobook_gen.audio_assembler | Error cargando fragmento C:\Users\EM2024~1\AppData\Local\Temp\audiobook_gen\chunk_00335.mp3: [WinError 2] El sistema no puede encontrar el archivo especificado
2026-04-21 17:23:44 | ERROR    | audiobook_gen.audio_assembler | Error cargando fragmento C:\Users\EM2024~1\AppData\Local\Temp\audiobook_gen\chunk_00336.mp3: [WinError 2] El sistema no puede encontrar el archivo especificado
2026-04-21 17:23:44 | ERROR    | audiobook_gen.audio_assembler | Error cargando fragmento C:\Users\EM2024~1\AppData\Local\Temp\audiobook_gen\chunk_00337.mp3: [WinError 2] El sistema no puede encontrar el archivo especificado
2026-04-21 17:23:44 | ERROR    | audiobook_gen.audio_assembler | Error cargando fragmento C:\Users\EM2024~1\AppData\Local\Temp\audiobook_gen\chunk_00338.mp3: [WinError 2] El sistema no puede encontrar el archivo especificado
2026-04-21 17:23:44 | ERROR    | audiobook_gen.audio_assembler | Error cargando fragmento C:\Users\EM2024~1\AppData\Local\Temp\audiobook_gen\chunk_00339.mp3: [WinError 2] El sistema no puede encontrar el archivo especificado
2026-04-21 17:23:44 | ERROR    | audiobook_gen.audio_assembler | Error cargando fragmento C:\Users\EM2024~1\AppData\Local\Temp\audiobook_gen\chunk_00340.mp3: [WinError 2] El sistema no puede encontrar el archivo especificado
2026-04-21 17:23:44 | ERROR    | audiobook_gen.audio_assembler | Error cargando fragmento C:\Users\EM2024~1\AppData\Local\Temp\audiobook_gen\chunk_00341.mp3: [WinError 2] El sistema no puede encontrar el archivo especificado
2026-04-21 17:23:44 | ERROR    | audiobook_gen.audio_assembler | Error cargando fragmento C:\Users\EM2024~1\AppData\Local\Temp\audiobook_gen\chunk_00342.mp3: [WinError 2] El sistema no puede encontrar el archivo especificado
2026-04-21 17:23:44 | ERROR    | audiobook_gen.audio_assembler | Error cargando fragmento C:\Users\EM2024~1\AppData\Local\Temp\audiobook_gen\chunk_00343.mp3: [WinError 2] El sistema no puede encontrar el archivo especificado
2026-04-21 17:23:44 | ERROR    | audiobook_gen.audio_assembler | Error cargando fragmento C:\Users\EM2024~1\AppData\Local\Temp\audiobook_gen\chunk_00344.mp3: [WinError 2] El sistema no puede encontrar el archivo especificado
2026-04-21 17:23:44 | ERROR    | audiobook_gen.audio_assembler | Error cargando fragmento C:\Users\EM2024~1\AppData\Local\Temp\audiobook_gen\chunk_00345.mp3: [WinError 2] El sistema no puede encontrar el archivo especificado
2026-04-21 17:23:44 | ERROR    | audiobook_gen.audio_assembler | Error cargando fragmento C:\Users\EM2024~1\AppData\Local\Temp\audiobook_gen\chunk_00346.mp3: [WinError 2] El sistema no puede encontrar el archivo especificado
2026-04-21 17:23:44 | ERROR    | audiobook_gen.audio_assembler | Error cargando fragmento C:\Users\EM2024~1\AppData\Local\Temp\audiobook_gen\chunk_00347.mp3: [WinError 2] El sistema no puede encontrar el archivo especificado
2026-04-21 17:23:44 | ERROR    | audiobook_gen.audio_assembler | Error cargando fragmento C:\Users\EM2024~1\AppData\Local\Temp\audiobook_gen\chunk_00348.mp3: [WinError 2] El sistema no puede encontrar el archivo especificado
2026-04-21 17:23:45 | ERROR    | audiobook_gen.audio_assembler | Error cargando fragmento C:\Users\EM2024~1\AppData\Local\Temp\audiobook_gen\chunk_00349.mp3: [WinError 2] El sistema no puede encontrar el archivo especificado
2026-04-21 17:23:45 | ERROR    | audiobook_gen.audio_assembler | Error cargando fragmento C:\Users\EM2024~1\AppData\Local\Temp\audiobook_gen\chunk_00350.mp3: [WinError 2] El sistema no puede encontrar el archivo especificado
2026-04-21 17:23:45 | ERROR    | audiobook_gen.audio_assembler | Error cargando fragmento C:\Users\EM2024~1\AppData\Local\Temp\audiobook_gen\chunk_00351.mp3: [WinError 2] El sistema no puede encontrar el archivo especificado
2026-04-21 17:23:45 | ERROR    | audiobook_gen.audio_assembler | Error cargando fragmento C:\Users\EM2024~1\AppData\Local\Temp\audiobook_gen\chunk_00352.mp3: [WinError 2] El sistema no puede encontrar el archivo especificado
2026-04-21 17:23:45 | ERROR    | audiobook_gen.audio_assembler | Error cargando fragmento C:\Users\EM2024~1\AppData\Local\Temp\audiobook_gen\chunk_00353.mp3: [WinError 2] El sistema no puede encontrar el archivo especificado
2026-04-21 17:23:45 | ERROR    | audiobook_gen.audio_assembler | Error cargando fragmento C:\Users\EM2024~1\AppData\Local\Temp\audiobook_gen\chunk_00354.mp3: [WinError 2] El sistema no puede encontrar el archivo especificado
2026-04-21 17:23:45 | ERROR    | audiobook_gen.audio_assembler | Error cargando fragmento C:\Users\EM2024~1\AppData\Local\Temp\audiobook_gen\chunk_00355.mp3: [WinError 2] El sistema no puede encontrar el archivo especificado
2026-04-21 17:23:45 | ERROR    | audiobook_gen.audio_assembler | Error cargando fragmento C:\Users\EM2024~1\AppData\Local\Temp\audiobook_gen\chunk_00356.mp3: [WinError 2] El sistema no puede encontrar el archivo especificado
2026-04-21 17:23:45 | ERROR    | audiobook_gen.audio_assembler | Error cargando fragmento C:\Users\EM2024~1\AppData\Local\Temp\audiobook_gen\chunk_00357.mp3: [WinError 2] El sistema no puede encontrar el archivo especificado
2026-04-21 17:23:45 | ERROR    | audiobook_gen.audio_assembler | Error cargando fragmento C:\Users\EM2024~1\AppData\Local\Temp\audiobook_gen\chunk_00358.mp3: [WinError 2] El sistema no puede encontrar el archivo especificado
2026-04-21 17:23:45 | ERROR    | audiobook_gen.audio_assembler | Error cargando fragmento C:\Users\EM2024~1\AppData\Local\Temp\audiobook_gen\chunk_00359.mp3: [WinError 2] El sistema no puede encontrar el archivo especificado
2026-04-21 17:23:45 | ERROR    | audiobook_gen.audio_assembler | Error cargando fragmento C:\Users\EM2024~1\AppData\Local\Temp\audiobook_gen\chunk_00360.mp3: [WinError 2] El sistema no puede encontrar el archivo especificado
2026-04-21 17:23:45 | ERROR    | audiobook_gen.audio_assembler | Error cargando fragmento C:\Users\EM2024~1\AppData\Local\Temp\audiobook_gen\chunk_00361.mp3: [WinError 2] El sistema no puede encontrar el archivo especificado
2026-04-21 17:23:45 | ERROR    | audiobook_gen.audio_assembler | Error cargando fragmento C:\Users\EM2024~1\AppData\Local\Temp\audiobook_gen\chunk_00362.mp3: [WinError 2] El sistema no puede encontrar el archivo especificado
2026-04-21 17:23:45 | ERROR    | audiobook_gen.audio_assembler | Error cargando fragmento C:\Users\EM2024~1\AppData\Local\Temp\audiobook_gen\chunk_00363.mp3: [WinError 2] El sistema no puede encontrar el archivo especificado
2026-04-21 17:23:45 | ERROR    | audiobook_gen.audio_assembler | Error cargando fragmento C:\Users\EM2024~1\AppData\Local\Temp\audiobook_gen\chunk_00364.mp3: [WinError 2] El sistema no puede encontrar el archivo especificado
2026-04-21 17:23:45 | ERROR    | audiobook_gen.audio_assembler | Error cargando fragmento C:\Users\EM2024~1\AppData\Local\Temp\audiobook_gen\chunk_00365.mp3: [WinError 2] El sistema no puede encontrar el archivo especificado
2026-04-21 17:23:45 | ERROR    | audiobook_gen.audio_assembler | Error cargando fragmento C:\Users\EM2024~1\AppData\Local\Temp\audiobook_gen\chunk_00366.mp3: [WinError 2] El sistema no puede encontrar el archivo especificado
2026-04-21 17:23:45 | ERROR    | audiobook_gen.audio_assembler | Error cargando fragmento C:\Users\EM2024~1\AppData\Local\Temp\audiobook_gen\chunk_00367.mp3: [WinError 2] El sistema no puede encontrar el archivo especificado
2026-04-21 17:23:45 | ERROR    | audiobook_gen.audio_assembler | Error cargando fragmento C:\Users\EM2024~1\AppData\Local\Temp\audiobook_gen\chunk_00368.mp3: [WinError 2] El sistema no puede encontrar el archivo especificado
2026-04-21 17:23:45 | ERROR    | audiobook_gen.audio_assembler | Error cargando fragmento C:\Users\EM2024~1\AppData\Local\Temp\audiobook_gen\chunk_00369.mp3: [WinError 2] El sistema no puede encontrar el archivo especificado
2026-04-21 17:23:45 | ERROR    | audiobook_gen.audio_assembler | Error cargando fragmento C:\Users\EM2024~1\AppData\Local\Temp\audiobook_gen\chunk_00370.mp3: [WinError 2] El sistema no puede encontrar el archivo especificado
2026-04-21 17:23:45 | ERROR    | audiobook_gen.audio_assembler | Error cargando fragmento C:\Users\EM2024~1\AppData\Local\Temp\audiobook_gen\chunk_00371.mp3: [WinError 2] El sistema no puede encontrar el archivo especificado
2026-04-21 17:23:45 | ERROR    | audiobook_gen.audio_assembler | Error cargando fragmento C:\Users\EM2024~1\AppData\Local\Temp\audiobook_gen\chunk_00372.mp3: [WinError 2] El sistema no puede encontrar el archivo especificado
2026-04-21 17:23:45 | ERROR    | audiobook_gen.audio_assembler | Error cargando fragmento C:\Users\EM2024~1\AppData\Local\Temp\audiobook_gen\chunk_00373.mp3: [WinError 2] El sistema no puede encontrar el archivo especificado
2026-04-21 17:23:45 | ERROR    | audiobook_gen.audio_assembler | Error cargando fragmento C:\Users\EM2024~1\AppData\Local\Temp\audiobook_gen\chunk_00374.mp3: [WinError 2] El sistema no puede encontrar el archivo especificado
2026-04-21 17:23:45 | ERROR    | audiobook_gen.audio_assembler | Error cargando fragmento C:\Users\EM2024~1\AppData\Local\Temp\audiobook_gen\chunk_00375.mp3: [WinError 2] El sistema no puede encontrar el archivo especificado
2026-04-21 17:23:46 | ERROR    | audiobook_gen.audio_assembler | Error cargando fragmento C:\Users\EM2024~1\AppData\Local\Temp\audiobook_gen\chunk_00376.mp3: [WinError 2] El sistema no puede encontrar el archivo especificado
2026-04-21 17:23:46 | ERROR    | audiobook_gen.audio_assembler | Error cargando fragmento C:\Users\EM2024~1\AppData\Local\Temp\audiobook_gen\chunk_00377.mp3: [WinError 2] El sistema no puede encontrar el archivo especificado
2026-04-21 17:23:46 | ERROR    | audiobook_gen.audio_assembler | Error cargando fragmento C:\Users\EM2024~1\AppData\Local\Temp\audiobook_gen\chunk_00378.mp3: [WinError 2] El sistema no puede encontrar el archivo especificado
2026-04-21 17:23:46 | ERROR    | audiobook_gen.audio_assembler | Error cargando fragmento C:\Users\EM2024~1\AppData\Local\Temp\audiobook_gen\chunk_00379.mp3: [WinError 2] El sistema no puede encontrar el archivo especificado
2026-04-21 17:23:46 | ERROR    | audiobook_gen.audio_assembler | Error cargando fragmento C:\Users\EM2024~1\AppData\Local\Temp\audiobook_gen\chunk_00380.mp3: [WinError 2] El sistema no puede encontrar el archivo especificado
2026-04-21 17:23:46 | ERROR    | audiobook_gen.audio_assembler | Error cargando fragmento C:\Users\EM2024~1\AppData\Local\Temp\audiobook_gen\chunk_00381.mp3: [WinError 2] El sistema no puede encontrar el archivo especificado
2026-04-21 17:23:46 | ERROR    | audiobook_gen.audio_assembler | Error cargando fragmento C:\Users\EM2024~1\AppData\Local\Temp\audiobook_gen\chunk_00382.mp3: [WinError 2] El sistema no puede encontrar el archivo especificado
2026-04-21 17:23:46 | ERROR    | audiobook_gen.audio_assembler | Error cargando fragmento C:\Users\EM2024~1\AppData\Local\Temp\audiobook_gen\chunk_00383.mp3: [WinError 2] El sistema no puede encontrar el archivo especificado
2026-04-21 17:23:46 | ERROR    | audiobook_gen.audio_assembler | Error cargando fragmento C:\Users\EM2024~1\AppData\Local\Temp\audiobook_gen\chunk_00384.mp3: [WinError 2] El sistema no puede encontrar el archivo especificado
2026-04-21 17:23:46 | ERROR    | audiobook_gen.audio_assembler | Error cargando fragmento C:\Users\EM2024~1\AppData\Local\Temp\audiobook_gen\chunk_00385.mp3: [WinError 2] El sistema no puede encontrar el archivo especificado
2026-04-21 17:23:46 | ERROR    | audiobook_gen.audio_assembler | Error cargando fragmento C:\Users\EM2024~1\AppData\Local\Temp\audiobook_gen\chunk_00386.mp3: [WinError 2] El sistema no puede encontrar el archivo especificado
2026-04-21 17:23:46 | ERROR    | audiobook_gen.audio_assembler | Error cargando fragmento C:\Users\EM2024~1\AppData\Local\Temp\audiobook_gen\chunk_00387.mp3: [WinError 2] El sistema no puede encontrar el archivo especificado
2026-04-21 17:23:46 | ERROR    | audiobook_gen.audio_assembler | Error cargando fragmento C:\Users\EM2024~1\AppData\Local\Temp\audiobook_gen\chunk_00388.mp3: [WinError 2] El sistema no puede encontrar el archivo especificado
2026-04-21 17:23:46 | ERROR    | audiobook_gen.audio_assembler | Error cargando fragmento C:\Users\EM2024~1\AppData\Local\Temp\audiobook_gen\chunk_00389.mp3: [WinError 2] El sistema no puede encontrar el archivo especificado
2026-04-21 17:23:46 | ERROR    | audiobook_gen.audio_assembler | Error cargando fragmento C:\Users\EM2024~1\AppData\Local\Temp\audiobook_gen\chunk_00390.mp3: [WinError 2] El sistema no puede encontrar el archivo especificado
2026-04-21 17:23:46 | ERROR    | audiobook_gen.audio_assembler | Error cargando fragmento C:\Users\EM2024~1\AppData\Local\Temp\audiobook_gen\chunk_00391.mp3: [WinError 2] El sistema no puede encontrar el archivo especificado
2026-04-21 17:23:46 | ERROR    | audiobook_gen.audio_assembler | Error cargando fragmento C:\Users\EM2024~1\AppData\Local\Temp\audiobook_gen\chunk_00392.mp3: [WinError 2] El sistema no puede encontrar el archivo especificado
2026-04-21 17:23:46 | ERROR    | audiobook_gen.audio_assembler | Error cargando fragmento C:\Users\EM2024~1\AppData\Local\Temp\audiobook_gen\chunk_00393.mp3: [WinError 2] El sistema no puede encontrar el archivo especificado
2026-04-21 17:23:46 | ERROR    | audiobook_gen.audio_assembler | Error cargando fragmento C:\Users\EM2024~1\AppData\Local\Temp\audiobook_gen\chunk_00394.mp3: [WinError 2] El sistema no puede encontrar el archivo especificado
2026-04-21 17:23:46 | ERROR    | audiobook_gen.audio_assembler | Error cargando fragmento C:\Users\EM2024~1\AppData\Local\Temp\audiobook_gen\chunk_00395.mp3: [WinError 2] El sistema no puede encontrar el archivo especificado
2026-04-21 17:23:46 | ERROR    | audiobook_gen.audio_assembler | Error cargando fragmento C:\Users\EM2024~1\AppData\Local\Temp\audiobook_gen\chunk_00396.mp3: [WinError 2] El sistema no puede encontrar el archivo especificado
2026-04-21 17:23:46 | ERROR    | audiobook_gen.audio_assembler | Error cargando fragmento C:\Users\EM2024~1\AppData\Local\Temp\audiobook_gen\chunk_00397.mp3: [WinError 2] El sistema no puede encontrar el archivo especificado
2026-04-21 17:23:46 | ERROR    | audiobook_gen.audio_assembler | Error cargando fragmento C:\Users\EM2024~1\AppData\Local\Temp\audiobook_gen\chunk_00398.mp3: [WinError 2] El sistema no puede encontrar el archivo especificado
2026-04-21 17:23:46 | ERROR    | audiobook_gen.audio_assembler | Error cargando fragmento C:\Users\EM2024~1\AppData\Local\Temp\audiobook_gen\chunk_00399.mp3: [WinError 2] El sistema no puede encontrar el archivo especificado
2026-04-21 17:23:46 | ERROR    | audiobook_gen.audio_assembler | Error cargando fragmento C:\Users\EM2024~1\AppData\Local\Temp\audiobook_gen\chunk_00400.mp3: [WinError 2] El sistema no puede encontrar el archivo especificado
2026-04-21 17:23:46 | ERROR    | audiobook_gen.audio_assembler | Error cargando fragmento C:\Users\EM2024~1\AppData\Local\Temp\audiobook_gen\chunk_00401.mp3: [WinError 2] El sistema no puede encontrar el archivo especificado
2026-04-21 17:23:47 | ERROR    | audiobook_gen.audio_assembler | Error cargando fragmento C:\Users\EM2024~1\AppData\Local\Temp\audiobook_gen\chunk_00402.mp3: [WinError 2] El sistema no puede encontrar el archivo especificado
2026-04-21 17:23:47 | ERROR    | audiobook_gen.audio_assembler | Error cargando fragmento C:\Users\EM2024~1\AppData\Local\Temp\audiobook_gen\chunk_00403.mp3: [WinError 2] El sistema no puede encontrar el archivo especificado
2026-04-21 17:23:47 | ERROR    | audiobook_gen.audio_assembler | Error cargando fragmento C:\Users\EM2024~1\AppData\Local\Temp\audiobook_gen\chunk_00404.mp3: [WinError 2] El sistema no puede encontrar el archivo especificado
2026-04-21 17:23:47 | ERROR    | audiobook_gen.audio_assembler | Error cargando fragmento C:\Users\EM2024~1\AppData\Local\Temp\audiobook_gen\chunk_00405.mp3: [WinError 2] El sistema no puede encontrar el archivo especificado
2026-04-21 17:23:47 | ERROR    | audiobook_gen.audio_assembler | Error cargando fragmento C:\Users\EM2024~1\AppData\Local\Temp\audiobook_gen\chunk_00406.mp3: [WinError 2] El sistema no puede encontrar el archivo especificado
2026-04-21 17:23:47 | ERROR    | audiobook_gen.audio_assembler | Error cargando fragmento C:\Users\EM2024~1\AppData\Local\Temp\audiobook_gen\chunk_00407.mp3: [WinError 2] El sistema no puede encontrar el archivo especificado
2026-04-21 17:23:47 | ERROR    | audiobook_gen.audio_assembler | Error cargando fragmento C:\Users\EM2024~1\AppData\Local\Temp\audiobook_gen\chunk_00408.mp3: [WinError 2] El sistema no puede encontrar el archivo especificado
2026-04-21 17:23:47 | ERROR    | audiobook_gen.audio_assembler | Error cargando fragmento C:\Users\EM2024~1\AppData\Local\Temp\audiobook_gen\chunk_00409.mp3: [WinError 2] El sistema no puede encontrar el archivo especificado
2026-04-21 17:23:47 | ERROR    | audiobook_gen.audio_assembler | Error cargando fragmento C:\Users\EM2024~1\AppData\Local\Temp\audiobook_gen\chunk_00410.mp3: [WinError 2] El sistema no puede encontrar el archivo especificado
2026-04-21 17:23:47 | ERROR    | audiobook_gen.audio_assembler | Error cargando fragmento C:\Users\EM2024~1\AppData\Local\Temp\audiobook_gen\chunk_00411.mp3: [WinError 2] El sistema no puede encontrar el archivo especificado
2026-04-21 17:23:47 | ERROR    | audiobook_gen.audio_assembler | Error cargando fragmento C:\Users\EM2024~1\AppData\Local\Temp\audiobook_gen\chunk_00412.mp3: [WinError 2] El sistema no puede encontrar el archivo especificado
2026-04-21 17:23:47 | ERROR    | audiobook_gen.audio_assembler | Error cargando fragmento C:\Users\EM2024~1\AppData\Local\Temp\audiobook_gen\chunk_00413.mp3: [WinError 2] El sistema no puede encontrar el archivo especificado
2026-04-21 17:23:47 | ERROR    | audiobook_gen.audio_assembler | Error cargando fragmento C:\Users\EM2024~1\AppData\Local\Temp\audiobook_gen\chunk_00414.mp3: [WinError 2] El sistema no puede encontrar el archivo especificado
2026-04-21 17:23:47 | ERROR    | audiobook_gen.audio_assembler | Error cargando fragmento C:\Users\EM2024~1\AppData\Local\Temp\audiobook_gen\chunk_00415.mp3: [WinError 2] El sistema no puede encontrar el archivo especificado
2026-04-21 17:23:47 | ERROR    | audiobook_gen.audio_assembler | Error cargando fragmento C:\Users\EM2024~1\AppData\Local\Temp\audiobook_gen\chunk_00416.mp3: [WinError 2] El sistema no puede encontrar el archivo especificado
2026-04-21 17:23:47 | ERROR    | audiobook_gen.audio_assembler | Error cargando fragmento C:\Users\EM2024~1\AppData\Local\Temp\audiobook_gen\chunk_00417.mp3: [WinError 2] El sistema no puede encontrar el archivo especificado
2026-04-21 17:23:47 | ERROR    | audiobook_gen.audio_assembler | Error cargando fragmento C:\Users\EM2024~1\AppData\Local\Temp\audiobook_gen\chunk_00418.mp3: [WinError 2] El sistema no puede encontrar el archivo especificado
2026-04-21 17:23:47 | ERROR    | audiobook_gen.audio_assembler | Error cargando fragmento C:\Users\EM2024~1\AppData\Local\Temp\audiobook_gen\chunk_00419.mp3: [WinError 2] El sistema no puede encontrar el archivo especificado
2026-04-21 17:23:47 | ERROR    | audiobook_gen.audio_assembler | Error cargando fragmento C:\Users\EM2024~1\AppData\Local\Temp\audiobook_gen\chunk_00420.mp3: [WinError 2] El sistema no puede encontrar el archivo especificado
2026-04-21 17:23:47 | ERROR    | audiobook_gen.audio_assembler | Error cargando fragmento C:\Users\EM2024~1\AppData\Local\Temp\audiobook_gen\chunk_00421.mp3: [WinError 2] El sistema no puede encontrar el archivo especificado
2026-04-21 17:23:47 | ERROR    | audiobook_gen.audio_assembler | Error cargando fragmento C:\Users\EM2024~1\AppData\Local\Temp\audiobook_gen\chunk_00422.mp3: [WinError 2] El sistema no puede encontrar el archivo especificado
2026-04-21 17:23:47 | ERROR    | audiobook_gen.audio_assembler | Error cargando fragmento C:\Users\EM2024~1\AppData\Local\Temp\audiobook_gen\chunk_00423.mp3: [WinError 2] El sistema no puede encontrar el archivo especificado
2026-04-21 17:23:47 | ERROR    | audiobook_gen.audio_assembler | Error cargando fragmento C:\Users\EM2024~1\AppData\Local\Temp\audiobook_gen\chunk_00424.mp3: [WinError 2] El sistema no puede encontrar el archivo especificado
2026-04-21 17:23:47 | ERROR    | audiobook_gen.audio_assembler | Error cargando fragmento C:\Users\EM2024~1\AppData\Local\Temp\audiobook_gen\chunk_00425.mp3: [WinError 2] El sistema no puede encontrar el archivo especificado
2026-04-21 17:23:47 | ERROR    | audiobook_gen.audio_assembler | Error cargando fragmento C:\Users\EM2024~1\AppData\Local\Temp\audiobook_gen\chunk_00426.mp3: [WinError 2] El sistema no puede encontrar el archivo especificado
2026-04-21 17:23:47 | ERROR    | audiobook_gen.audio_assembler | Error cargando fragmento C:\Users\EM2024~1\AppData\Local\Temp\audiobook_gen\chunk_00427.mp3: [WinError 2] El sistema no puede encontrar el archivo especificado
2026-04-21 17:23:48 | ERROR    | audiobook_gen.audio_assembler | Error cargando fragmento C:\Users\EM2024~1\AppData\Local\Temp\audiobook_gen\chunk_00428.mp3: [WinError 2] El sistema no puede encontrar el archivo especificado
2026-04-21 17:23:48 | ERROR    | audiobook_gen.audio_assembler | Error cargando fragmento C:\Users\EM2024~1\AppData\Local\Temp\audiobook_gen\chunk_00429.mp3: [WinError 2] El sistema no puede encontrar el archivo especificado
2026-04-21 17:23:48 | ERROR    | audiobook_gen.audio_assembler | Error cargando fragmento C:\Users\EM2024~1\AppData\Local\Temp\audiobook_gen\chunk_00430.mp3: [WinError 2] El sistema no puede encontrar el archivo especificado
2026-04-21 17:23:48 | ERROR    | audiobook_gen.audio_assembler | Error cargando fragmento C:\Users\EM2024~1\AppData\Local\Temp\audiobook_gen\chunk_00431.mp3: [WinError 2] El sistema no puede encontrar el archivo especificado
2026-04-21 17:23:48 | ERROR    | audiobook_gen.audio_assembler | Error cargando fragmento C:\Users\EM2024~1\AppData\Local\Temp\audiobook_gen\chunk_00432.mp3: [WinError 2] El sistema no puede encontrar el archivo especificado
2026-04-21 17:23:48 | ERROR    | audiobook_gen.audio_assembler | Error cargando fragmento C:\Users\EM2024~1\AppData\Local\Temp\audiobook_gen\chunk_00433.mp3: [WinError 2] El sistema no puede encontrar el archivo especificado
2026-04-21 17:23:48 | ERROR    | audiobook_gen.audio_assembler | Error cargando fragmento C:\Users\EM2024~1\AppData\Local\Temp\audiobook_gen\chunk_00434.mp3: [WinError 2] El sistema no puede encontrar el archivo especificado
2026-04-21 17:23:48 | ERROR    | audiobook_gen.audio_assembler | Error cargando fragmento C:\Users\EM2024~1\AppData\Local\Temp\audiobook_gen\chunk_00435.mp3: [WinError 2] El sistema no puede encontrar el archivo especificado
2026-04-21 17:23:48 | ERROR    | audiobook_gen.audio_assembler | Error cargando fragmento C:\Users\EM2024~1\AppData\Local\Temp\audiobook_gen\chunk_00436.mp3: [WinError 2] El sistema no puede encontrar el archivo especificado
2026-04-21 17:23:48 | ERROR    | audiobook_gen.audio_assembler | Error cargando fragmento C:\Users\EM2024~1\AppData\Local\Temp\audiobook_gen\chunk_00437.mp3: [WinError 2] El sistema no puede encontrar el archivo especificado
2026-04-21 17:23:48 | ERROR    | audiobook_gen.audio_assembler | Error cargando fragmento C:\Users\EM2024~1\AppData\Local\Temp\audiobook_gen\chunk_00438.mp3: [WinError 2] El sistema no puede encontrar el archivo especificado
2026-04-21 17:23:48 | ERROR    | audiobook_gen.audio_assembler | Error cargando fragmento C:\Users\EM2024~1\AppData\Local\Temp\audiobook_gen\chunk_00439.mp3: [WinError 2] El sistema no puede encontrar el archivo especificado
2026-04-21 17:23:48 | ERROR    | audiobook_gen.audio_assembler | Error cargando fragmento C:\Users\EM2024~1\AppData\Local\Temp\audiobook_gen\chunk_00440.mp3: [WinError 2] El sistema no puede encontrar el archivo especificado
2026-04-21 17:23:48 | ERROR    | audiobook_gen.audio_assembler | Error cargando fragmento C:\Users\EM2024~1\AppData\Local\Temp\audiobook_gen\chunk_00441.mp3: [WinError 2] El sistema no puede encontrar el archivo especificado
2026-04-21 17:23:48 | ERROR    | audiobook_gen.audio_assembler | Error cargando fragmento C:\Users\EM2024~1\AppData\Local\Temp\audiobook_gen\chunk_00442.mp3: [WinError 2] El sistema no puede encontrar el archivo especificado
2026-04-21 17:23:48 | ERROR    | audiobook_gen.audio_assembler | Error cargando fragmento C:\Users\EM2024~1\AppData\Local\Temp\audiobook_gen\chunk_00443.mp3: [WinError 2] El sistema no puede encontrar el archivo especificado
2026-04-21 17:23:48 | ERROR    | audiobook_gen.audio_assembler | Error cargando fragmento C:\Users\EM2024~1\AppData\Local\Temp\audiobook_gen\chunk_00444.mp3: [WinError 2] El sistema no puede encontrar el archivo especificado
2026-04-21 17:23:48 | ERROR    | audiobook_gen.audio_assembler | Error cargando fragmento C:\Users\EM2024~1\AppData\Local\Temp\audiobook_gen\chunk_00445.mp3: [WinError 2] El sistema no puede encontrar el archivo especificado
2026-04-21 17:23:48 | ERROR    | audiobook_gen.audio_assembler | Error cargando fragmento C:\Users\EM2024~1\AppData\Local\Temp\audiobook_gen\chunk_00446.mp3: [WinError 2] El sistema no puede encontrar el archivo especificado
2026-04-21 17:23:48 | ERROR    | audiobook_gen.audio_assembler | Error cargando fragmento C:\Users\EM2024~1\AppData\Local\Temp\audiobook_gen\chunk_00447.mp3: [WinError 2] El sistema no puede encontrar el archivo especificado
2026-04-21 17:23:48 | ERROR    | audiobook_gen.audio_assembler | Error cargando fragmento C:\Users\EM2024~1\AppData\Local\Temp\audiobook_gen\chunk_00448.mp3: [WinError 2] El sistema no puede encontrar el archivo especificado
2026-04-21 17:23:48 | ERROR    | audiobook_gen.audio_assembler | Error cargando fragmento C:\Users\EM2024~1\AppData\Local\Temp\audiobook_gen\chunk_00449.mp3: [WinError 2] El sistema no puede encontrar el archivo especificado
2026-04-21 17:23:48 | ERROR    | audiobook_gen.audio_assembler | Error cargando fragmento C:\Users\EM2024~1\AppData\Local\Temp\audiobook_gen\chunk_00450.mp3: [WinError 2] El sistema no puede encontrar el archivo especificado
2026-04-21 17:23:48 | ERROR    | audiobook_gen.audio_assembler | Error cargando fragmento C:\Users\EM2024~1\AppData\Local\Temp\audiobook_gen\chunk_00451.mp3: [WinError 2] El sistema no puede encontrar el archivo especificado
2026-04-21 17:23:48 | ERROR    | audiobook_gen.audio_assembler | Error cargando fragmento C:\Users\EM2024~1\AppData\Local\Temp\audiobook_gen\chunk_00452.mp3: [WinError 2] El sistema no puede encontrar el archivo especificado
2026-04-21 17:23:48 | ERROR    | audiobook_gen.audio_assembler | Error cargando fragmento C:\Users\EM2024~1\AppData\Local\Temp\audiobook_gen\chunk_00453.mp3: [WinError 2] El sistema no puede encontrar el archivo especificado
2026-04-21 17:23:49 | ERROR    | audiobook_gen.audio_assembler | Error cargando fragmento C:\Users\EM2024~1\AppData\Local\Temp\audiobook_gen\chunk_00454.mp3: [WinError 2] El sistema no puede encontrar el archivo especificado
2026-04-21 17:23:49 | ERROR    | audiobook_gen.audio_assembler | Error cargando fragmento C:\Users\EM2024~1\AppData\Local\Temp\audiobook_gen\chunk_00455.mp3: [WinError 2] El sistema no puede encontrar el archivo especificado
2026-04-21 17:23:49 | ERROR    | audiobook_gen.audio_assembler | Error cargando fragmento C:\Users\EM2024~1\AppData\Local\Temp\audiobook_gen\chunk_00456.mp3: [WinError 2] El sistema no puede encontrar el archivo especificado
2026-04-21 17:23:49 | ERROR    | audiobook_gen.audio_assembler | Error cargando fragmento C:\Users\EM2024~1\AppData\Local\Temp\audiobook_gen\chunk_00457.mp3: [WinError 2] El sistema no puede encontrar el archivo especificado
2026-04-21 17:23:49 | ERROR    | audiobook_gen.audio_assembler | Error cargando fragmento C:\Users\EM2024~1\AppData\Local\Temp\audiobook_gen\chunk_00458.mp3: [WinError 2] El sistema no puede encontrar el archivo especificado
2026-04-21 17:23:49 | ERROR    | audiobook_gen.audio_assembler | Error cargando fragmento C:\Users\EM2024~1\AppData\Local\Temp\audiobook_gen\chunk_00459.mp3: [WinError 2] El sistema no puede encontrar el archivo especificado
2026-04-21 17:23:49 | ERROR    | audiobook_gen.audio_assembler | Error cargando fragmento C:\Users\EM2024~1\AppData\Local\Temp\audiobook_gen\chunk_00460.mp3: [WinError 2] El sistema no puede encontrar el archivo especificado
2026-04-21 17:23:49 | ERROR    | audiobook_gen.audio_assembler | Error cargando fragmento C:\Users\EM2024~1\AppData\Local\Temp\audiobook_gen\chunk_00461.mp3: [WinError 2] El sistema no puede encontrar el archivo especificado
2026-04-21 17:23:49 | ERROR    | audiobook_gen.audio_assembler | Error cargando fragmento C:\Users\EM2024~1\AppData\Local\Temp\audiobook_gen\chunk_00462.mp3: [WinError 2] El sistema no puede encontrar el archivo especificado
2026-04-21 17:23:49 | ERROR    | audiobook_gen.audio_assembler | Error cargando fragmento C:\Users\EM2024~1\AppData\Local\Temp\audiobook_gen\chunk_00463.mp3: [WinError 2] El sistema no puede encontrar el archivo especificado
2026-04-21 17:23:49 | ERROR    | audiobook_gen.audio_assembler | Error cargando fragmento C:\Users\EM2024~1\AppData\Local\Temp\audiobook_gen\chunk_00464.mp3: [WinError 2] El sistema no puede encontrar el archivo especificado
2026-04-21 17:23:49 | ERROR    | audiobook_gen.audio_assembler | Error cargando fragmento C:\Users\EM2024~1\AppData\Local\Temp\audiobook_gen\chunk_00465.mp3: [WinError 2] El sistema no puede encontrar el archivo especificado
2026-04-21 17:23:49 | ERROR    | audiobook_gen.audio_assembler | Error cargando fragmento C:\Users\EM2024~1\AppData\Local\Temp\audiobook_gen\chunk_00466.mp3: [WinError 2] El sistema no puede encontrar el archivo especificado
2026-04-21 17:23:49 | ERROR    | audiobook_gen.audio_assembler | Error cargando fragmento C:\Users\EM2024~1\AppData\Local\Temp\audiobook_gen\chunk_00467.mp3: [WinError 2] El sistema no puede encontrar el archivo especificado
2026-04-21 17:23:49 | ERROR    | audiobook_gen.audio_assembler | Error cargando fragmento C:\Users\EM2024~1\AppData\Local\Temp\audiobook_gen\chunk_00468.mp3: [WinError 2] El sistema no puede encontrar el archivo especificado
2026-04-21 17:23:49 | ERROR    | audiobook_gen.audio_assembler | Error cargando fragmento C:\Users\EM2024~1\AppData\Local\Temp\audiobook_gen\chunk_00469.mp3: [WinError 2] El sistema no puede encontrar el archivo especificado
2026-04-21 17:23:49 | ERROR    | audiobook_gen.audio_assembler | Error cargando fragmento C:\Users\EM2024~1\AppData\Local\Temp\audiobook_gen\chunk_00470.mp3: [WinError 2] El sistema no puede encontrar el archivo especificado
2026-04-21 17:23:49 | ERROR    | audiobook_gen.audio_assembler | Error cargando fragmento C:\Users\EM2024~1\AppData\Local\Temp\audiobook_gen\chunk_00471.mp3: [WinError 2] El sistema no puede encontrar el archivo especificado
2026-04-21 17:23:49 | ERROR    | audiobook_gen.audio_assembler | Error cargando fragmento C:\Users\EM2024~1\AppData\Local\Temp\audiobook_gen\chunk_00472.mp3: [WinError 2] El sistema no puede encontrar el archivo especificado
2026-04-21 17:23:49 | ERROR    | audiobook_gen.audio_assembler | Error cargando fragmento C:\Users\EM2024~1\AppData\Local\Temp\audiobook_gen\chunk_00473.mp3: [WinError 2] El sistema no puede encontrar el archivo especificado
2026-04-21 17:23:49 | ERROR    | audiobook_gen.audio_assembler | Error cargando fragmento C:\Users\EM2024~1\AppData\Local\Temp\audiobook_gen\chunk_00474.mp3: [WinError 2] El sistema no puede encontrar el archivo especificado
2026-04-21 17:23:49 | ERROR    | audiobook_gen.audio_assembler | Error cargando fragmento C:\Users\EM2024~1\AppData\Local\Temp\audiobook_gen\chunk_00475.mp3: [WinError 2] El sistema no puede encontrar el archivo especificado
2026-04-21 17:23:49 | ERROR    | audiobook_gen.audio_assembler | Error cargando fragmento C:\Users\EM2024~1\AppData\Local\Temp\audiobook_gen\chunk_00476.mp3: [WinError 2] El sistema no puede encontrar el archivo especificado
2026-04-21 17:23:49 | ERROR    | audiobook_gen.audio_assembler | Error cargando fragmento C:\Users\EM2024~1\AppData\Local\Temp\audiobook_gen\chunk_00477.mp3: [WinError 2] El sistema no puede encontrar el archivo especificado
2026-04-21 17:23:49 | ERROR    | audiobook_gen.audio_assembler | Error cargando fragmento C:\Users\EM2024~1\AppData\Local\Temp\audiobook_gen\chunk_00478.mp3: [WinError 2] El sistema no puede encontrar el archivo especificado
2026-04-21 17:23:50 | ERROR    | audiobook_gen.audio_assembler | Error cargando fragmento C:\Users\EM2024~1\AppData\Local\Temp\audiobook_gen\chunk_00479.mp3: [WinError 2] El sistema no puede encontrar el archivo especificado
2026-04-21 17:23:50 | ERROR    | audiobook_gen.audio_assembler | Error cargando fragmento C:\Users\EM2024~1\AppData\Local\Temp\audiobook_gen\chunk_00480.mp3: [WinError 2] El sistema no puede encontrar el archivo especificado
2026-04-21 17:23:50 | ERROR    | audiobook_gen.audio_assembler | Error cargando fragmento C:\Users\EM2024~1\AppData\Local\Temp\audiobook_gen\chunk_00481.mp3: [WinError 2] El sistema no puede encontrar el archivo especificado
2026-04-21 17:23:50 | ERROR    | audiobook_gen.audio_assembler | Error cargando fragmento C:\Users\EM2024~1\AppData\Local\Temp\audiobook_gen\chunk_00482.mp3: [WinError 2] El sistema no puede encontrar el archivo especificado
2026-04-21 17:23:50 | ERROR    | audiobook_gen.audio_assembler | Error cargando fragmento C:\Users\EM2024~1\AppData\Local\Temp\audiobook_gen\chunk_00483.mp3: [WinError 2] El sistema no puede encontrar el archivo especificado
2026-04-21 17:23:50 | ERROR    | audiobook_gen.audio_assembler | Error cargando fragmento C:\Users\EM2024~1\AppData\Local\Temp\audiobook_gen\chunk_00484.mp3: [WinError 2] El sistema no puede encontrar el archivo especificado
2026-04-21 17:23:50 | ERROR    | audiobook_gen.audio_assembler | Error cargando fragmento C:\Users\EM2024~1\AppData\Local\Temp\audiobook_gen\chunk_00485.mp3: [WinError 2] El sistema no puede encontrar el archivo especificado
2026-04-21 17:23:50 | ERROR    | audiobook_gen.audio_assembler | Error cargando fragmento C:\Users\EM2024~1\AppData\Local\Temp\audiobook_gen\chunk_00486.mp3: [WinError 2] El sistema no puede encontrar el archivo especificado
2026-04-21 17:23:50 | ERROR    | audiobook_gen.audio_assembler | Error cargando fragmento C:\Users\EM2024~1\AppData\Local\Temp\audiobook_gen\chunk_00487.mp3: [WinError 2] El sistema no puede encontrar el archivo especificado
2026-04-21 17:23:50 | ERROR    | audiobook_gen.audio_assembler | Error cargando fragmento C:\Users\EM2024~1\AppData\Local\Temp\audiobook_gen\chunk_00488.mp3: [WinError 2] El sistema no puede encontrar el archivo especificado
2026-04-21 17:23:50 | ERROR    | audiobook_gen.audio_assembler | Error cargando fragmento C:\Users\EM2024~1\AppData\Local\Temp\audiobook_gen\chunk_00489.mp3: [WinError 2] El sistema no puede encontrar el archivo especificado
2026-04-21 17:23:50 | ERROR    | audiobook_gen.audio_assembler | Error cargando fragmento C:\Users\EM2024~1\AppData\Local\Temp\audiobook_gen\chunk_00490.mp3: [WinError 2] El sistema no puede encontrar el archivo especificado
2026-04-21 17:23:50 | ERROR    | audiobook_gen.audio_assembler | Error cargando fragmento C:\Users\EM2024~1\AppData\Local\Temp\audiobook_gen\chunk_00491.mp3: [WinError 2] El sistema no puede encontrar el archivo especificado
2026-04-21 17:23:50 | ERROR    | audiobook_gen.audio_assembler | Error cargando fragmento C:\Users\EM2024~1\AppData\Local\Temp\audiobook_gen\chunk_00492.mp3: [WinError 2] El sistema no puede encontrar el archivo especificado
2026-04-21 17:23:50 | ERROR    | audiobook_gen.audio_assembler | Error cargando fragmento C:\Users\EM2024~1\AppData\Local\Temp\audiobook_gen\chunk_00493.mp3: [WinError 2] El sistema no puede encontrar el archivo especificado
2026-04-21 17:23:50 | ERROR    | audiobook_gen.audio_assembler | Error cargando fragmento C:\Users\EM2024~1\AppData\Local\Temp\audiobook_gen\chunk_00494.mp3: [WinError 2] El sistema no puede encontrar el archivo especificado
2026-04-21 17:23:50 | ERROR    | audiobook_gen.audio_assembler | Error cargando fragmento C:\Users\EM2024~1\AppData\Local\Temp\audiobook_gen\chunk_00495.mp3: [WinError 2] El sistema no puede encontrar el archivo especificado
2026-04-21 17:23:50 | ERROR    | audiobook_gen.audio_assembler | Error cargando fragmento C:\Users\EM2024~1\AppData\Local\Temp\audiobook_gen\chunk_00496.mp3: [WinError 2] El sistema no puede encontrar el archivo especificado
2026-04-21 17:23:50 | ERROR    | audiobook_gen.audio_assembler | Error cargando fragmento C:\Users\EM2024~1\AppData\Local\Temp\audiobook_gen\chunk_00497.mp3: [WinError 2] El sistema no puede encontrar el archivo especificado
2026-04-21 17:23:50 | ERROR    | audiobook_gen.audio_assembler | Error cargando fragmento C:\Users\EM2024~1\AppData\Local\Temp\audiobook_gen\chunk_00498.mp3: [WinError 2] El sistema no puede encontrar el archivo especificado
2026-04-21 17:23:50 | ERROR    | audiobook_gen.audio_assembler | Error cargando fragmento C:\Users\EM2024~1\AppData\Local\Temp\audiobook_gen\chunk_00499.mp3: [WinError 2] El sistema no puede encontrar el archivo especificado
2026-04-21 17:23:50 | ERROR    | audiobook_gen.audio_assembler | Error cargando fragmento C:\Users\EM2024~1\AppData\Local\Temp\audiobook_gen\chunk_00500.mp3: [WinError 2] El sistema no puede encontrar el archivo especificado
2026-04-21 17:23:50 | ERROR    | audiobook_gen.audio_assembler | Error cargando fragmento C:\Users\EM2024~1\AppData\Local\Temp\audiobook_gen\chunk_00501.mp3: [WinError 2] El sistema no puede encontrar el archivo especificado
2026-04-21 17:23:50 | ERROR    | audiobook_gen.audio_assembler | Error cargando fragmento C:\Users\EM2024~1\AppData\Local\Temp\audiobook_gen\chunk_00502.mp3: [WinError 2] El sistema no puede encontrar el archivo especificado
2026-04-21 17:23:51 | ERROR    | audiobook_gen.audio_assembler | Error cargando fragmento C:\Users\EM2024~1\AppData\Local\Temp\audiobook_gen\chunk_00503.mp3: [WinError 2] El sistema no puede encontrar el archivo especificado
2026-04-21 17:23:51 | ERROR    | audiobook_gen.audio_assembler | Error cargando fragmento C:\Users\EM2024~1\AppData\Local\Temp\audiobook_gen\chunk_00504.mp3: [WinError 2] El sistema no puede encontrar el archivo especificado
2026-04-21 17:23:51 | ERROR    | audiobook_gen.audio_assembler | Error cargando fragmento C:\Users\EM2024~1\AppData\Local\Temp\audiobook_gen\chunk_00505.mp3: [WinError 2] El sistema no puede encontrar el archivo especificado
2026-04-21 17:23:51 | ERROR    | audiobook_gen.audio_assembler | Error cargando fragmento C:\Users\EM2024~1\AppData\Local\Temp\audiobook_gen\chunk_00506.mp3: [WinError 2] El sistema no puede encontrar el archivo especificado
2026-04-21 17:23:51 | ERROR    | audiobook_gen.audio_assembler | Error cargando fragmento C:\Users\EM2024~1\AppData\Local\Temp\audiobook_gen\chunk_00507.mp3: [WinError 2] El sistema no puede encontrar el archivo especificado
2026-04-21 17:23:51 | ERROR    | audiobook_gen.audio_assembler | Error cargando fragmento C:\Users\EM2024~1\AppData\Local\Temp\audiobook_gen\chunk_00508.mp3: [WinError 2] El sistema no puede encontrar el archivo especificado
2026-04-21 17:23:51 | ERROR    | audiobook_gen.audio_assembler | Error cargando fragmento C:\Users\EM2024~1\AppData\Local\Temp\audiobook_gen\chunk_00509.mp3: [WinError 2] El sistema no puede encontrar el archivo especificado
2026-04-21 17:23:51 | ERROR    | audiobook_gen.audio_assembler | Error cargando fragmento C:\Users\EM2024~1\AppData\Local\Temp\audiobook_gen\chunk_00510.mp3: [WinError 2] El sistema no puede encontrar el archivo especificado
2026-04-21 17:23:51 | ERROR    | audiobook_gen.audio_assembler | Error cargando fragmento C:\Users\EM2024~1\AppData\Local\Temp\audiobook_gen\chunk_00511.mp3: [WinError 2] El sistema no puede encontrar el archivo especificado
2026-04-21 17:23:51 | ERROR    | audiobook_gen.audio_assembler | Error cargando fragmento C:\Users\EM2024~1\AppData\Local\Temp\audiobook_gen\chunk_00512.mp3: [WinError 2] El sistema no puede encontrar el archivo especificado
2026-04-21 17:23:51 | ERROR    | audiobook_gen.audio_assembler | Error cargando fragmento C:\Users\EM2024~1\AppData\Local\Temp\audiobook_gen\chunk_00513.mp3: [WinError 2] El sistema no puede encontrar el archivo especificado
2026-04-21 17:23:51 | ERROR    | audiobook_gen.audio_assembler | Error cargando fragmento C:\Users\EM2024~1\AppData\Local\Temp\audiobook_gen\chunk_00514.mp3: [WinError 2] El sistema no puede encontrar el archivo especificado
2026-04-21 17:23:51 | ERROR    | audiobook_gen.audio_assembler | Error cargando fragmento C:\Users\EM2024~1\AppData\Local\Temp\audiobook_gen\chunk_00515.mp3: [WinError 2] El sistema no puede encontrar el archivo especificado
2026-04-21 17:23:51 | ERROR    | audiobook_gen.audio_assembler | Error cargando fragmento C:\Users\EM2024~1\AppData\Local\Temp\audiobook_gen\chunk_00516.mp3: [WinError 2] El sistema no puede encontrar el archivo especificado
2026-04-21 17:23:51 | ERROR    | audiobook_gen.audio_assembler | Error cargando fragmento C:\Users\EM2024~1\AppData\Local\Temp\audiobook_gen\chunk_00517.mp3: [WinError 2] El sistema no puede encontrar el archivo especificado
2026-04-21 17:23:51 | ERROR    | audiobook_gen.audio_assembler | Error cargando fragmento C:\Users\EM2024~1\AppData\Local\Temp\audiobook_gen\chunk_00518.mp3: [WinError 2] El sistema no puede encontrar el archivo especificado
2026-04-21 17:23:51 | ERROR    | audiobook_gen.audio_assembler | Error cargando fragmento C:\Users\EM2024~1\AppData\Local\Temp\audiobook_gen\chunk_00519.mp3: [WinError 2] El sistema no puede encontrar el archivo especificado
2026-04-21 17:23:51 | ERROR    | audiobook_gen.audio_assembler | Error cargando fragmento C:\Users\EM2024~1\AppData\Local\Temp\audiobook_gen\chunk_00520.mp3: [WinError 2] El sistema no puede encontrar el archivo especificado
2026-04-21 17:23:51 | ERROR    | audiobook_gen.audio_assembler | Error cargando fragmento C:\Users\EM2024~1\AppData\Local\Temp\audiobook_gen\chunk_00521.mp3: [WinError 2] El sistema no puede encontrar el archivo especificado
2026-04-21 17:23:51 | ERROR    | audiobook_gen.audio_assembler | Error cargando fragmento C:\Users\EM2024~1\AppData\Local\Temp\audiobook_gen\chunk_00522.mp3: [WinError 2] El sistema no puede encontrar el archivo especificado
2026-04-21 17:23:51 | ERROR    | audiobook_gen.audio_assembler | Error cargando fragmento C:\Users\EM2024~1\AppData\Local\Temp\audiobook_gen\chunk_00523.mp3: [WinError 2] El sistema no puede encontrar el archivo especificado
2026-04-21 17:23:51 | ERROR    | audiobook_gen.audio_assembler | Error cargando fragmento C:\Users\EM2024~1\AppData\Local\Temp\audiobook_gen\chunk_00524.mp3: [WinError 2] El sistema no puede encontrar el archivo especificado
2026-04-21 17:23:51 | ERROR    | audiobook_gen.audio_assembler | Error cargando fragmento C:\Users\EM2024~1\AppData\Local\Temp\audiobook_gen\chunk_00525.mp3: [WinError 2] El sistema no puede encontrar el archivo especificado
2026-04-21 17:23:51 | ERROR    | audiobook_gen.audio_assembler | Error cargando fragmento C:\Users\EM2024~1\AppData\Local\Temp\audiobook_gen\chunk_00526.mp3: [WinError 2] El sistema no puede encontrar el archivo especificado
2026-04-21 17:23:51 | ERROR    | audiobook_gen.audio_assembler | Error cargando fragmento C:\Users\EM2024~1\AppData\Local\Temp\audiobook_gen\chunk_00527.mp3: [WinError 2] El sistema no puede encontrar el archivo especificado
2026-04-21 17:23:51 | ERROR    | audiobook_gen.audio_assembler | Error cargando fragmento C:\Users\EM2024~1\AppData\Local\Temp\audiobook_gen\chunk_00528.mp3: [WinError 2] El sistema no puede encontrar el archivo especificado
2026-04-21 17:23:51 | ERROR    | audiobook_gen.audio_assembler | Error cargando fragmento C:\Users\EM2024~1\AppData\Local\Temp\audiobook_gen\chunk_00529.mp3: [WinError 2] El sistema no puede encontrar el archivo especificado
2026-04-21 17:23:52 | ERROR    | audiobook_gen.audio_assembler | Error cargando fragmento C:\Users\EM2024~1\AppData\Local\Temp\audiobook_gen\chunk_00530.mp3: [WinError 2] El sistema no puede encontrar el archivo especificado
2026-04-21 17:23:52 | ERROR    | audiobook_gen.audio_assembler | Error cargando fragmento C:\Users\EM2024~1\AppData\Local\Temp\audiobook_gen\chunk_00531.mp3: [WinError 2] El sistema no puede encontrar el archivo especificado
2026-04-21 17:23:52 | ERROR    | audiobook_gen.audio_assembler | Error cargando fragmento C:\Users\EM2024~1\AppData\Local\Temp\audiobook_gen\chunk_00532.mp3: [WinError 2] El sistema no puede encontrar el archivo especificado
2026-04-21 17:23:52 | ERROR    | audiobook_gen.audio_assembler | Error cargando fragmento C:\Users\EM2024~1\AppData\Local\Temp\audiobook_gen\chunk_00533.mp3: [WinError 2] El sistema no puede encontrar el archivo especificado
2026-04-21 17:23:52 | ERROR    | audiobook_gen.audio_assembler | Error cargando fragmento C:\Users\EM2024~1\AppData\Local\Temp\audiobook_gen\chunk_00534.mp3: [WinError 2] El sistema no puede encontrar el archivo especificado
2026-04-21 17:23:52 | ERROR    | audiobook_gen.audio_assembler | Error cargando fragmento C:\Users\EM2024~1\AppData\Local\Temp\audiobook_gen\chunk_00535.mp3: [WinError 2] El sistema no puede encontrar el archivo especificado
2026-04-21 17:23:52 | ERROR    | audiobook_gen.audio_assembler | Error cargando fragmento C:\Users\EM2024~1\AppData\Local\Temp\audiobook_gen\chunk_00536.mp3: [WinError 2] El sistema no puede encontrar el archivo especificado
2026-04-21 17:23:52 | ERROR    | audiobook_gen.audio_assembler | Error cargando fragmento C:\Users\EM2024~1\AppData\Local\Temp\audiobook_gen\chunk_00537.mp3: [WinError 2] El sistema no puede encontrar el archivo especificado
2026-04-21 17:23:52 | ERROR    | audiobook_gen.audio_assembler | Error cargando fragmento C:\Users\EM2024~1\AppData\Local\Temp\audiobook_gen\chunk_00538.mp3: [WinError 2] El sistema no puede encontrar el archivo especificado
2026-04-21 17:23:52 | ERROR    | audiobook_gen.audio_assembler | Error cargando fragmento C:\Users\EM2024~1\AppData\Local\Temp\audiobook_gen\chunk_00539.mp3: [WinError 2] El sistema no puede encontrar el archivo especificado
2026-04-21 17:23:52 | ERROR    | audiobook_gen.audio_assembler | Error cargando fragmento C:\Users\EM2024~1\AppData\Local\Temp\audiobook_gen\chunk_00540.mp3: [WinError 2] El sistema no puede encontrar el archivo especificado
2026-04-21 17:23:52 | ERROR    | audiobook_gen.audio_assembler | Error cargando fragmento C:\Users\EM2024~1\AppData\Local\Temp\audiobook_gen\chunk_00541.mp3: [WinError 2] El sistema no puede encontrar el archivo especificado
2026-04-21 17:23:52 | ERROR    | audiobook_gen.audio_assembler | Error cargando fragmento C:\Users\EM2024~1\AppData\Local\Temp\audiobook_gen\chunk_00542.mp3: [WinError 2] El sistema no puede encontrar el archivo especificado
2026-04-21 17:23:52 | ERROR    | audiobook_gen.audio_assembler | Error cargando fragmento C:\Users\EM2024~1\AppData\Local\Temp\audiobook_gen\chunk_00543.mp3: [WinError 2] El sistema no puede encontrar el archivo especificado
2026-04-21 17:23:52 | ERROR    | audiobook_gen.audio_assembler | Error cargando fragmento C:\Users\EM2024~1\AppData\Local\Temp\audiobook_gen\chunk_00544.mp3: [WinError 2] El sistema no puede encontrar el archivo especificado
2026-04-21 17:23:52 | ERROR    | audiobook_gen.audio_assembler | Error cargando fragmento C:\Users\EM2024~1\AppData\Local\Temp\audiobook_gen\chunk_00545.mp3: [WinError 2] El sistema no puede encontrar el archivo especificado
2026-04-21 17:23:52 | ERROR    | audiobook_gen.audio_assembler | Error cargando fragmento C:\Users\EM2024~1\AppData\Local\Temp\audiobook_gen\chunk_00546.mp3: [WinError 2] El sistema no puede encontrar el archivo especificado
2026-04-21 17:23:52 | ERROR    | audiobook_gen.audio_assembler | Error cargando fragmento C:\Users\EM2024~1\AppData\Local\Temp\audiobook_gen\chunk_00547.mp3: [WinError 2] El sistema no puede encontrar el archivo especificado
2026-04-21 17:23:52 | ERROR    | audiobook_gen.audio_assembler | Error cargando fragmento C:\Users\EM2024~1\AppData\Local\Temp\audiobook_gen\chunk_00548.mp3: [WinError 2] El sistema no puede encontrar el archivo especificado
2026-04-21 17:23:52 | ERROR    | audiobook_gen.audio_assembler | Error cargando fragmento C:\Users\EM2024~1\AppData\Local\Temp\audiobook_gen\chunk_00549.mp3: [WinError 2] El sistema no puede encontrar el archivo especificado
2026-04-21 17:23:52 | ERROR    | audiobook_gen.audio_assembler | Error cargando fragmento C:\Users\EM2024~1\AppData\Local\Temp\audiobook_gen\chunk_00550.mp3: [WinError 2] El sistema no puede encontrar el archivo especificado
2026-04-21 17:23:52 | ERROR    | audiobook_gen.audio_assembler | Error cargando fragmento C:\Users\EM2024~1\AppData\Local\Temp\audiobook_gen\chunk_00551.mp3: [WinError 2] El sistema no puede encontrar el archivo especificado
2026-04-21 17:23:52 | ERROR    | audiobook_gen.audio_assembler | Error cargando fragmento C:\Users\EM2024~1\AppData\Local\Temp\audiobook_gen\chunk_00552.mp3: [WinError 2] El sistema no puede encontrar el archivo especificado
2026-04-21 17:23:52 | ERROR    | audiobook_gen.audio_assembler | Error cargando fragmento C:\Users\EM2024~1\AppData\Local\Temp\audiobook_gen\chunk_00553.mp3: [WinError 2] El sistema no puede encontrar el archivo especificado
2026-04-21 17:23:52 | ERROR    | audiobook_gen.audio_assembler | Error cargando fragmento C:\Users\EM2024~1\AppData\Local\Temp\audiobook_gen\chunk_00554.mp3: [WinError 2] El sistema no puede encontrar el archivo especificado
2026-04-21 17:23:52 | ERROR    | audiobook_gen.audio_assembler | Error cargando fragmento C:\Users\EM2024~1\AppData\Local\Temp\audiobook_gen\chunk_00555.mp3: [WinError 2] El sistema no puede encontrar el archivo especificado
2026-04-21 17:23:52 | ERROR    | audiobook_gen.audio_assembler | Error cargando fragmento C:\Users\EM2024~1\AppData\Local\Temp\audiobook_gen\chunk_00556.mp3: [WinError 2] El sistema no puede encontrar el archivo especificado
2026-04-21 17:23:52 | ERROR    | audiobook_gen.audio_assembler | Error cargando fragmento C:\Users\EM2024~1\AppData\Local\Temp\audiobook_gen\chunk_00557.mp3: [WinError 2] El sistema no puede encontrar el archivo especificado
2026-04-21 17:23:52 | ERROR    | audiobook_gen.audio_assembler | Error cargando fragmento C:\Users\EM2024~1\AppData\Local\Temp\audiobook_gen\chunk_00558.mp3: [WinError 2] El sistema no puede encontrar el archivo especificado
2026-04-21 17:23:52 | ERROR    | audiobook_gen.audio_assembler | Error cargando fragmento C:\Users\EM2024~1\AppData\Local\Temp\audiobook_gen\chunk_00559.mp3: [WinError 2] El sistema no puede encontrar el archivo especificado
2026-04-21 17:23:52 | ERROR    | audiobook_gen.audio_assembler | Error cargando fragmento C:\Users\EM2024~1\AppData\Local\Temp\audiobook_gen\chunk_00560.mp3: [WinError 2] El sistema no puede encontrar el archivo especificado
2026-04-21 17:23:52 | ERROR    | audiobook_gen.audio_assembler | Error cargando fragmento C:\Users\EM2024~1\AppData\Local\Temp\audiobook_gen\chunk_00561.mp3: [WinError 2] El sistema no puede encontrar el archivo especificado
2026-04-21 17:23:52 | ERROR    | audiobook_gen.audio_assembler | Error cargando fragmento C:\Users\EM2024~1\AppData\Local\Temp\audiobook_gen\chunk_00562.mp3: [WinError 2] El sistema no puede encontrar el archivo especificado
2026-04-21 17:23:52 | ERROR    | audiobook_gen.audio_assembler | Error cargando fragmento C:\Users\EM2024~1\AppData\Local\Temp\audiobook_gen\chunk_00563.mp3: [WinError 2] El sistema no puede encontrar el archivo especificado
2026-04-21 17:23:52 | ERROR    | audiobook_gen.audio_assembler | Error cargando fragmento C:\Users\EM2024~1\AppData\Local\Temp\audiobook_gen\chunk_00564.mp3: [WinError 2] El sistema no puede encontrar el archivo especificado
2026-04-21 17:23:52 | ERROR    | audiobook_gen.audio_assembler | Error cargando fragmento C:\Users\EM2024~1\AppData\Local\Temp\audiobook_gen\chunk_00565.mp3: [WinError 2] El sistema no puede encontrar el archivo especificado
2026-04-21 17:23:52 | ERROR    | audiobook_gen.audio_assembler | Error cargando fragmento C:\Users\EM2024~1\AppData\Local\Temp\audiobook_gen\chunk_00566.mp3: [WinError 2] El sistema no puede encontrar el archivo especificado
2026-04-21 17:23:52 | ERROR    | audiobook_gen.audio_assembler | Error cargando fragmento C:\Users\EM2024~1\AppData\Local\Temp\audiobook_gen\chunk_00567.mp3: [WinError 2] El sistema no puede encontrar el archivo especificado
2026-04-21 17:23:52 | ERROR    | audiobook_gen.audio_assembler | Error cargando fragmento C:\Users\EM2024~1\AppData\Local\Temp\audiobook_gen\chunk_00568.mp3: [WinError 2] El sistema no puede encontrar el archivo especificado
2026-04-21 17:23:52 | ERROR    | audiobook_gen.audio_assembler | Error cargando fragmento C:\Users\EM2024~1\AppData\Local\Temp\audiobook_gen\chunk_00569.mp3: [WinError 2] El sistema no puede encontrar el archivo especificado
2026-04-21 17:23:52 | ERROR    | audiobook_gen.audio_assembler | Error cargando fragmento C:\Users\EM2024~1\AppData\Local\Temp\audiobook_gen\chunk_00570.mp3: [WinError 2] El sistema no puede encontrar el archivo especificado
2026-04-21 17:23:52 | ERROR    | audiobook_gen.audio_assembler | Error cargando fragmento C:\Users\EM2024~1\AppData\Local\Temp\audiobook_gen\chunk_00571.mp3: [WinError 2] El sistema no puede encontrar el archivo especificado
2026-04-21 17:23:52 | ERROR    | audiobook_gen.audio_assembler | Error cargando fragmento C:\Users\EM2024~1\AppData\Local\Temp\audiobook_gen\chunk_00572.mp3: [WinError 2] El sistema no puede encontrar el archivo especificado
2026-04-21 17:23:52 | ERROR    | audiobook_gen.audio_assembler | Error cargando fragmento C:\Users\EM2024~1\AppData\Local\Temp\audiobook_gen\chunk_00573.mp3: [WinError 2] El sistema no puede encontrar el archivo especificado
2026-04-21 17:23:52 | ERROR    | audiobook_gen.audio_assembler | Error cargando fragmento C:\Users\EM2024~1\AppData\Local\Temp\audiobook_gen\chunk_00574.mp3: [WinError 2] El sistema no puede encontrar el archivo especificado
2026-04-21 17:23:52 | ERROR    | audiobook_gen.audio_assembler | Error cargando fragmento C:\Users\EM2024~1\AppData\Local\Temp\audiobook_gen\chunk_00575.mp3: [WinError 2] El sistema no puede encontrar el archivo especificado
2026-04-21 17:23:52 | ERROR    | audiobook_gen.audio_assembler | Error cargando fragmento C:\Users\EM2024~1\AppData\Local\Temp\audiobook_gen\chunk_00576.mp3: [WinError 2] El sistema no puede encontrar el archivo especificado
2026-04-21 17:23:53 | ERROR    | audiobook_gen.audio_assembler | Error cargando fragmento C:\Users\EM2024~1\AppData\Local\Temp\audiobook_gen\chunk_00577.mp3: [WinError 2] El sistema no puede encontrar el archivo especificado
2026-04-21 17:23:53 | ERROR    | audiobook_gen.audio_assembler | Error cargando fragmento C:\Users\EM2024~1\AppData\Local\Temp\audiobook_gen\chunk_00578.mp3: [WinError 2] El sistema no puede encontrar el archivo especificado
2026-04-21 17:23:53 | ERROR    | audiobook_gen.audio_assembler | Error cargando fragmento C:\Users\EM2024~1\AppData\Local\Temp\audiobook_gen\chunk_00579.mp3: [WinError 2] El sistema no puede encontrar el archivo especificado
2026-04-21 17:23:53 | ERROR    | audiobook_gen.audio_assembler | Error cargando fragmento C:\Users\EM2024~1\AppData\Local\Temp\audiobook_gen\chunk_00580.mp3: [WinError 2] El sistema no puede encontrar el archivo especificado
2026-04-21 17:23:53 | ERROR    | audiobook_gen.audio_assembler | Error cargando fragmento C:\Users\EM2024~1\AppData\Local\Temp\audiobook_gen\chunk_00581.mp3: [WinError 2] El sistema no puede encontrar el archivo especificado
2026-04-21 17:23:53 | ERROR    | audiobook_gen.audio_assembler | Error cargando fragmento C:\Users\EM2024~1\AppData\Local\Temp\audiobook_gen\chunk_00582.mp3: [WinError 2] El sistema no puede encontrar el archivo especificado
2026-04-21 17:23:53 | ERROR    | audiobook_gen.audio_assembler | Error cargando fragmento C:\Users\EM2024~1\AppData\Local\Temp\audiobook_gen\chunk_00583.mp3: [WinError 2] El sistema no puede encontrar el archivo especificado
2026-04-21 17:23:53 | ERROR    | audiobook_gen.audio_assembler | Error cargando fragmento C:\Users\EM2024~1\AppData\Local\Temp\audiobook_gen\chunk_00584.mp3: [WinError 2] El sistema no puede encontrar el archivo especificado
2026-04-21 17:23:53 | ERROR    | audiobook_gen.audio_assembler | Error cargando fragmento C:\Users\EM2024~1\AppData\Local\Temp\audiobook_gen\chunk_00585.mp3: [WinError 2] El sistema no puede encontrar el archivo especificado
2026-04-21 17:23:53 | ERROR    | audiobook_gen.audio_assembler | Error cargando fragmento C:\Users\EM2024~1\AppData\Local\Temp\audiobook_gen\chunk_00586.mp3: [WinError 2] El sistema no puede encontrar el archivo especificado
2026-04-21 17:23:53 | ERROR    | audiobook_gen.audio_assembler | Error cargando fragmento C:\Users\EM2024~1\AppData\Local\Temp\audiobook_gen\chunk_00587.mp3: [WinError 2] El sistema no puede encontrar el archivo especificado
2026-04-21 17:23:53 | ERROR    | audiobook_gen.audio_assembler | Error cargando fragmento C:\Users\EM2024~1\AppData\Local\Temp\audiobook_gen\chunk_00588.mp3: [WinError 2] El sistema no puede encontrar el archivo especificado
2026-04-21 17:23:53 | ERROR    | audiobook_gen.audio_assembler | Error cargando fragmento C:\Users\EM2024~1\AppData\Local\Temp\audiobook_gen\chunk_00589.mp3: [WinError 2] El sistema no puede encontrar el archivo especificado
2026-04-21 17:23:53 | ERROR    | audiobook_gen.audio_assembler | Error cargando fragmento C:\Users\EM2024~1\AppData\Local\Temp\audiobook_gen\chunk_00590.mp3: [WinError 2] El sistema no puede encontrar el archivo especificado
2026-04-21 17:23:53 | ERROR    | audiobook_gen.audio_assembler | Error cargando fragmento C:\Users\EM2024~1\AppData\Local\Temp\audiobook_gen\chunk_00591.mp3: [WinError 2] El sistema no puede encontrar el archivo especificado
2026-04-21 17:23:53 | ERROR    | audiobook_gen.audio_assembler | Error cargando fragmento C:\Users\EM2024~1\AppData\Local\Temp\audiobook_gen\chunk_00592.mp3: [WinError 2] El sistema no puede encontrar el archivo especificado
2026-04-21 17:23:53 | ERROR    | audiobook_gen.audio_assembler | Error cargando fragmento C:\Users\EM2024~1\AppData\Local\Temp\audiobook_gen\chunk_00593.mp3: [WinError 2] El sistema no puede encontrar el archivo especificado
2026-04-21 17:23:53 | ERROR    | audiobook_gen.audio_assembler | Error cargando fragmento C:\Users\EM2024~1\AppData\Local\Temp\audiobook_gen\chunk_00594.mp3: [WinError 2] El sistema no puede encontrar el archivo especificado
2026-04-21 17:23:53 | ERROR    | audiobook_gen.audio_assembler | Error cargando fragmento C:\Users\EM2024~1\AppData\Local\Temp\audiobook_gen\chunk_00595.mp3: [WinError 2] El sistema no puede encontrar el archivo especificado
2026-04-21 17:23:53 | ERROR    | audiobook_gen.audio_assembler | Error cargando fragmento C:\Users\EM2024~1\AppData\Local\Temp\audiobook_gen\chunk_00596.mp3: [WinError 2] El sistema no puede encontrar el archivo especificado
2026-04-21 17:23:53 | ERROR    | audiobook_gen.audio_assembler | Error cargando fragmento C:\Users\EM2024~1\AppData\Local\Temp\audiobook_gen\chunk_00597.mp3: [WinError 2] El sistema no puede encontrar el archivo especificado
2026-04-21 17:23:53 | ERROR    | audiobook_gen.audio_assembler | Error cargando fragmento C:\Users\EM2024~1\AppData\Local\Temp\audiobook_gen\chunk_00598.mp3: [WinError 2] El sistema no puede encontrar el archivo especificado
2026-04-21 17:23:53 | ERROR    | audiobook_gen.audio_assembler | Error cargando fragmento C:\Users\EM2024~1\AppData\Local\Temp\audiobook_gen\chunk_00599.mp3: [WinError 2] El sistema no puede encontrar el archivo especificado
2026-04-21 17:23:53 | ERROR    | audiobook_gen.audio_assembler | Error cargando fragmento C:\Users\EM2024~1\AppData\Local\Temp\audiobook_gen\chunk_00600.mp3: [WinError 2] El sistema no puede encontrar el archivo especificado
2026-04-21 17:23:53 | ERROR    | audiobook_gen.audio_assembler | Error cargando fragmento C:\Users\EM2024~1\AppData\Local\Temp\audiobook_gen\chunk_00601.mp3: [WinError 2] El sistema no puede encontrar el archivo especificado
2026-04-21 17:23:53 | ERROR    | audiobook_gen.audio_assembler | Error cargando fragmento C:\Users\EM2024~1\AppData\Local\Temp\audiobook_gen\chunk_00602.mp3: [WinError 2] El sistema no puede encontrar el archivo especificado
2026-04-21 17:23:53 | ERROR    | audiobook_gen.audio_assembler | Error cargando fragmento C:\Users\EM2024~1\AppData\Local\Temp\audiobook_gen\chunk_00603.mp3: [WinError 2] El sistema no puede encontrar el archivo especificado
2026-04-21 17:23:53 | ERROR    | audiobook_gen.audio_assembler | Error cargando fragmento C:\Users\EM2024~1\AppData\Local\Temp\audiobook_gen\chunk_00604.mp3: [WinError 2] El sistema no puede encontrar el archivo especificado
2026-04-21 17:23:53 | ERROR    | audiobook_gen.audio_assembler | Error cargando fragmento C:\Users\EM2024~1\AppData\Local\Temp\audiobook_gen\chunk_00605.mp3: [WinError 2] El sistema no puede encontrar el archivo especificado
2026-04-21 17:23:53 | ERROR    | audiobook_gen.audio_assembler | Error cargando fragmento C:\Users\EM2024~1\AppData\Local\Temp\audiobook_gen\chunk_00606.mp3: [WinError 2] El sistema no puede encontrar el archivo especificado
2026-04-21 17:23:53 | ERROR    | audiobook_gen.audio_assembler | Error cargando fragmento C:\Users\EM2024~1\AppData\Local\Temp\audiobook_gen\chunk_00607.mp3: [WinError 2] El sistema no puede encontrar el archivo especificado
2026-04-21 17:23:53 | ERROR    | audiobook_gen.audio_assembler | Error cargando fragmento C:\Users\EM2024~1\AppData\Local\Temp\audiobook_gen\chunk_00608.mp3: [WinError 2] El sistema no puede encontrar el archivo especificado
2026-04-21 17:23:53 | ERROR    | audiobook_gen.audio_assembler | Error cargando fragmento C:\Users\EM2024~1\AppData\Local\Temp\audiobook_gen\chunk_00609.mp3: [WinError 2] El sistema no puede encontrar el archivo especificado
2026-04-21 17:23:53 | ERROR    | audiobook_gen.audio_assembler | Error cargando fragmento C:\Users\EM2024~1\AppData\Local\Temp\audiobook_gen\chunk_00610.mp3: [WinError 2] El sistema no puede encontrar el archivo especificado
2026-04-21 17:23:53 | ERROR    | audiobook_gen.audio_assembler | Error cargando fragmento C:\Users\EM2024~1\AppData\Local\Temp\audiobook_gen\chunk_00611.mp3: [WinError 2] El sistema no puede encontrar el archivo especificado
2026-04-21 17:23:53 | ERROR    | audiobook_gen.audio_assembler | Error cargando fragmento C:\Users\EM2024~1\AppData\Local\Temp\audiobook_gen\chunk_00612.mp3: [WinError 2] El sistema no puede encontrar el archivo especificado
2026-04-21 17:23:53 | ERROR    | audiobook_gen.audio_assembler | Error cargando fragmento C:\Users\EM2024~1\AppData\Local\Temp\audiobook_gen\chunk_00613.mp3: [WinError 2] El sistema no puede encontrar el archivo especificado
2026-04-21 17:23:53 | ERROR    | audiobook_gen.audio_assembler | Error cargando fragmento C:\Users\EM2024~1\AppData\Local\Temp\audiobook_gen\chunk_00614.mp3: [WinError 2] El sistema no puede encontrar el archivo especificado
2026-04-21 17:23:53 | ERROR    | audiobook_gen.audio_assembler | Error cargando fragmento C:\Users\EM2024~1\AppData\Local\Temp\audiobook_gen\chunk_00615.mp3: [WinError 2] El sistema no puede encontrar el archivo especificado
2026-04-21 17:23:53 | ERROR    | audiobook_gen.audio_assembler | Error cargando fragmento C:\Users\EM2024~1\AppData\Local\Temp\audiobook_gen\chunk_00616.mp3: [WinError 2] El sistema no puede encontrar el archivo especificado
2026-04-21 17:23:53 | ERROR    | audiobook_gen.audio_assembler | Error cargando fragmento C:\Users\EM2024~1\AppData\Local\Temp\audiobook_gen\chunk_00617.mp3: [WinError 2] El sistema no puede encontrar el archivo especificado
2026-04-21 17:23:53 | ERROR    | audiobook_gen.audio_assembler | Error cargando fragmento C:\Users\EM2024~1\AppData\Local\Temp\audiobook_gen\chunk_00618.mp3: [WinError 2] El sistema no puede encontrar el archivo especificado
2026-04-21 17:23:53 | ERROR    | audiobook_gen.audio_assembler | Error cargando fragmento C:\Users\EM2024~1\AppData\Local\Temp\audiobook_gen\chunk_00619.mp3: [WinError 2] El sistema no puede encontrar el archivo especificado
2026-04-21 17:23:53 | ERROR    | audiobook_gen.audio_assembler | Error cargando fragmento C:\Users\EM2024~1\AppData\Local\Temp\audiobook_gen\chunk_00620.mp3: [WinError 2] El sistema no puede encontrar el archivo especificado
2026-04-21 17:23:53 | ERROR    | audiobook_gen.audio_assembler | Error cargando fragmento C:\Users\EM2024~1\AppData\Local\Temp\audiobook_gen\chunk_00621.mp3: [WinError 2] El sistema no puede encontrar el archivo especificado
2026-04-21 17:23:53 | ERROR    | audiobook_gen.audio_assembler | Error cargando fragmento C:\Users\EM2024~1\AppData\Local\Temp\audiobook_gen\chunk_00622.mp3: [WinError 2] El sistema no puede encontrar el archivo especificado
2026-04-21 17:23:53 | ERROR    | audiobook_gen.audio_assembler | Error cargando fragmento C:\Users\EM2024~1\AppData\Local\Temp\audiobook_gen\chunk_00623.mp3: [WinError 2] El sistema no puede encontrar el archivo especificado
2026-04-21 17:23:53 | ERROR    | audiobook_gen.audio_assembler | Error cargando fragmento C:\Users\EM2024~1\AppData\Local\Temp\audiobook_gen\chunk_00624.mp3: [WinError 2] El sistema no puede encontrar el archivo especificado
2026-04-21 17:23:53 | ERROR    | audiobook_gen.audio_assembler | Error cargando fragmento C:\Users\EM2024~1\AppData\Local\Temp\audiobook_gen\chunk_00625.mp3: [WinError 2] El sistema no puede encontrar el archivo especificado
2026-04-21 17:23:54 | ERROR    | audiobook_gen.audio_assembler | Error cargando fragmento C:\Users\EM2024~1\AppData\Local\Temp\audiobook_gen\chunk_00626.mp3: [WinError 2] El sistema no puede encontrar el archivo especificado
2026-04-21 17:23:54 | ERROR    | audiobook_gen.audio_assembler | Error cargando fragmento C:\Users\EM2024~1\AppData\Local\Temp\audiobook_gen\chunk_00627.mp3: [WinError 2] El sistema no puede encontrar el archivo especificado
2026-04-21 17:23:54 | ERROR    | audiobook_gen.audio_assembler | Error cargando fragmento C:\Users\EM2024~1\AppData\Local\Temp\audiobook_gen\chunk_00628.mp3: [WinError 2] El sistema no puede encontrar el archivo especificado
2026-04-21 17:23:54 | ERROR    | audiobook_gen.audio_assembler | Error cargando fragmento C:\Users\EM2024~1\AppData\Local\Temp\audiobook_gen\chunk_00629.mp3: [WinError 2] El sistema no puede encontrar el archivo especificado
2026-04-21 17:23:54 | ERROR    | audiobook_gen.audio_assembler | Error cargando fragmento C:\Users\EM2024~1\AppData\Local\Temp\audiobook_gen\chunk_00630.mp3: [WinError 2] El sistema no puede encontrar el archivo especificado
2026-04-21 17:23:54 | ERROR    | audiobook_gen.audio_assembler | Error cargando fragmento C:\Users\EM2024~1\AppData\Local\Temp\audiobook_gen\chunk_00631.mp3: [WinError 2] El sistema no puede encontrar el archivo especificado
2026-04-21 17:23:54 | ERROR    | audiobook_gen.audio_assembler | Error cargando fragmento C:\Users\EM2024~1\AppData\Local\Temp\audiobook_gen\chunk_00632.mp3: [WinError 2] El sistema no puede encontrar el archivo especificado
2026-04-21 17:23:54 | ERROR    | audiobook_gen.audio_assembler | Error cargando fragmento C:\Users\EM2024~1\AppData\Local\Temp\audiobook_gen\chunk_00633.mp3: [WinError 2] El sistema no puede encontrar el archivo especificado
2026-04-21 17:23:54 | ERROR    | audiobook_gen.audio_assembler | Error cargando fragmento C:\Users\EM2024~1\AppData\Local\Temp\audiobook_gen\chunk_00634.mp3: [WinError 2] El sistema no puede encontrar el archivo especificado
2026-04-21 17:23:54 | ERROR    | audiobook_gen.audio_assembler | Error cargando fragmento C:\Users\EM2024~1\AppData\Local\Temp\audiobook_gen\chunk_00635.mp3: [WinError 2] El sistema no puede encontrar el archivo especificado
2026-04-21 17:23:54 | ERROR    | audiobook_gen.audio_assembler | Error cargando fragmento C:\Users\EM2024~1\AppData\Local\Temp\audiobook_gen\chunk_00636.mp3: [WinError 2] El sistema no puede encontrar el archivo especificado
2026-04-21 17:23:54 | ERROR    | audiobook_gen.audio_assembler | Error cargando fragmento C:\Users\EM2024~1\AppData\Local\Temp\audiobook_gen\chunk_00637.mp3: [WinError 2] El sistema no puede encontrar el archivo especificado
2026-04-21 17:23:54 | ERROR    | audiobook_gen.audio_assembler | Error cargando fragmento C:\Users\EM2024~1\AppData\Local\Temp\audiobook_gen\chunk_00638.mp3: [WinError 2] El sistema no puede encontrar el archivo especificado
2026-04-21 17:23:54 | ERROR    | audiobook_gen.audio_assembler | Error cargando fragmento C:\Users\EM2024~1\AppData\Local\Temp\audiobook_gen\chunk_00639.mp3: [WinError 2] El sistema no puede encontrar el archivo especificado
2026-04-21 17:23:54 | ERROR    | audiobook_gen.audio_assembler | Error cargando fragmento C:\Users\EM2024~1\AppData\Local\Temp\audiobook_gen\chunk_00640.mp3: [WinError 2] El sistema no puede encontrar el archivo especificado
2026-04-21 17:23:54 | ERROR    | audiobook_gen.audio_assembler | Error cargando fragmento C:\Users\EM2024~1\AppData\Local\Temp\audiobook_gen\chunk_00641.mp3: [WinError 2] El sistema no puede encontrar el archivo especificado
2026-04-21 17:23:54 | ERROR    | audiobook_gen.audio_assembler | Error cargando fragmento C:\Users\EM2024~1\AppData\Local\Temp\audiobook_gen\chunk_00642.mp3: [WinError 2] El sistema no puede encontrar el archivo especificado
2026-04-21 17:23:54 | ERROR    | audiobook_gen.audio_assembler | Error cargando fragmento C:\Users\EM2024~1\AppData\Local\Temp\audiobook_gen\chunk_00643.mp3: [WinError 2] El sistema no puede encontrar el archivo especificado
2026-04-21 17:23:54 | ERROR    | audiobook_gen.audio_assembler | Error cargando fragmento C:\Users\EM2024~1\AppData\Local\Temp\audiobook_gen\chunk_00644.mp3: [WinError 2] El sistema no puede encontrar el archivo especificado
2026-04-21 17:23:54 | ERROR    | audiobook_gen.audio_assembler | Error cargando fragmento C:\Users\EM2024~1\AppData\Local\Temp\audiobook_gen\chunk_00645.mp3: [WinError 2] El sistema no puede encontrar el archivo especificado
2026-04-21 17:23:54 | ERROR    | audiobook_gen.audio_assembler | Error cargando fragmento C:\Users\EM2024~1\AppData\Local\Temp\audiobook_gen\chunk_00646.mp3: [WinError 2] El sistema no puede encontrar el archivo especificado
2026-04-21 17:23:54 | ERROR    | audiobook_gen.audio_assembler | Error cargando fragmento C:\Users\EM2024~1\AppData\Local\Temp\audiobook_gen\chunk_00647.mp3: [WinError 2] El sistema no puede encontrar el archivo especificado
2026-04-21 17:23:54 | ERROR    | audiobook_gen.audio_assembler | Error cargando fragmento C:\Users\EM2024~1\AppData\Local\Temp\audiobook_gen\chunk_00648.mp3: [WinError 2] El sistema no puede encontrar el archivo especificado
2026-04-21 17:23:54 | ERROR    | audiobook_gen.audio_assembler | Error cargando fragmento C:\Users\EM2024~1\AppData\Local\Temp\audiobook_gen\chunk_00649.mp3: [WinError 2] El sistema no puede encontrar el archivo especificado
2026-04-21 17:23:54 | ERROR    | audiobook_gen.audio_assembler | Error cargando fragmento C:\Users\EM2024~1\AppData\Local\Temp\audiobook_gen\chunk_00650.mp3: [WinError 2] El sistema no puede encontrar el archivo especificado
2026-04-21 17:23:54 | ERROR    | audiobook_gen.audio_assembler | Error cargando fragmento C:\Users\EM2024~1\AppData\Local\Temp\audiobook_gen\chunk_00651.mp3: [WinError 2] El sistema no puede encontrar el archivo especificado
2026-04-21 17:23:54 | ERROR    | audiobook_gen.audio_assembler | Error cargando fragmento C:\Users\EM2024~1\AppData\Local\Temp\audiobook_gen\chunk_00652.mp3: [WinError 2] El sistema no puede encontrar el archivo especificado
2026-04-21 17:23:54 | ERROR    | audiobook_gen.audio_assembler | Error cargando fragmento C:\Users\EM2024~1\AppData\Local\Temp\audiobook_gen\chunk_00653.mp3: [WinError 2] El sistema no puede encontrar el archivo especificado
2026-04-21 17:23:54 | ERROR    | audiobook_gen.audio_assembler | Error cargando fragmento C:\Users\EM2024~1\AppData\Local\Temp\audiobook_gen\chunk_00654.mp3: [WinError 2] El sistema no puede encontrar el archivo especificado
2026-04-21 17:23:54 | ERROR    | audiobook_gen.audio_assembler | Error cargando fragmento C:\Users\EM2024~1\AppData\Local\Temp\audiobook_gen\chunk_00655.mp3: [WinError 2] El sistema no puede encontrar el archivo especificado
2026-04-21 17:23:54 | ERROR    | audiobook_gen.audio_assembler | Error cargando fragmento C:\Users\EM2024~1\AppData\Local\Temp\audiobook_gen\chunk_00656.mp3: [WinError 2] El sistema no puede encontrar el archivo especificado
2026-04-21 17:23:54 | ERROR    | audiobook_gen.audio_assembler | Error cargando fragmento C:\Users\EM2024~1\AppData\Local\Temp\audiobook_gen\chunk_00657.mp3: [WinError 2] El sistema no puede encontrar el archivo especificado
2026-04-21 17:23:54 | ERROR    | audiobook_gen.audio_assembler | Error cargando fragmento C:\Users\EM2024~1\AppData\Local\Temp\audiobook_gen\chunk_00658.mp3: [WinError 2] El sistema no puede encontrar el archivo especificado
2026-04-21 17:23:54 | ERROR    | audiobook_gen.audio_assembler | Error cargando fragmento C:\Users\EM2024~1\AppData\Local\Temp\audiobook_gen\chunk_00659.mp3: [WinError 2] El sistema no puede encontrar el archivo especificado
2026-04-21 17:23:54 | ERROR    | audiobook_gen.audio_assembler | Error cargando fragmento C:\Users\EM2024~1\AppData\Local\Temp\audiobook_gen\chunk_00660.mp3: [WinError 2] El sistema no puede encontrar el archivo especificado
2026-04-21 17:23:54 | ERROR    | audiobook_gen.audio_assembler | Error cargando fragmento C:\Users\EM2024~1\AppData\Local\Temp\audiobook_gen\chunk_00661.mp3: [WinError 2] El sistema no puede encontrar el archivo especificado
2026-04-21 17:23:54 | ERROR    | audiobook_gen.audio_assembler | Error cargando fragmento C:\Users\EM2024~1\AppData\Local\Temp\audiobook_gen\chunk_00662.mp3: [WinError 2] El sistema no puede encontrar el archivo especificado
2026-04-21 17:23:54 | ERROR    | audiobook_gen.audio_assembler | Error cargando fragmento C:\Users\EM2024~1\AppData\Local\Temp\audiobook_gen\chunk_00663.mp3: [WinError 2] El sistema no puede encontrar el archivo especificado
2026-04-21 17:23:54 | ERROR    | audiobook_gen.audio_assembler | Error cargando fragmento C:\Users\EM2024~1\AppData\Local\Temp\audiobook_gen\chunk_00664.mp3: [WinError 2] El sistema no puede encontrar el archivo especificado
2026-04-21 17:23:54 | ERROR    | audiobook_gen.audio_assembler | Error cargando fragmento C:\Users\EM2024~1\AppData\Local\Temp\audiobook_gen\chunk_00665.mp3: [WinError 2] El sistema no puede encontrar el archivo especificado
2026-04-21 17:23:54 | ERROR    | audiobook_gen.audio_assembler | Error cargando fragmento C:\Users\EM2024~1\AppData\Local\Temp\audiobook_gen\chunk_00666.mp3: [WinError 2] El sistema no puede encontrar el archivo especificado
2026-04-21 17:23:54 | ERROR    | audiobook_gen.audio_assembler | Error cargando fragmento C:\Users\EM2024~1\AppData\Local\Temp\audiobook_gen\chunk_00667.mp3: [WinError 2] El sistema no puede encontrar el archivo especificado
2026-04-21 17:23:54 | ERROR    | audiobook_gen.audio_assembler | Error cargando fragmento C:\Users\EM2024~1\AppData\Local\Temp\audiobook_gen\chunk_00668.mp3: [WinError 2] El sistema no puede encontrar el archivo especificado
2026-04-21 17:23:54 | ERROR    | audiobook_gen.audio_assembler | Error cargando fragmento C:\Users\EM2024~1\AppData\Local\Temp\audiobook_gen\chunk_00669.mp3: [WinError 2] El sistema no puede encontrar el archivo especificado
2026-04-21 17:23:54 | ERROR    | audiobook_gen.audio_assembler | Error cargando fragmento C:\Users\EM2024~1\AppData\Local\Temp\audiobook_gen\chunk_00670.mp3: [WinError 2] El sistema no puede encontrar el archivo especificado
2026-04-21 17:23:54 | ERROR    | audiobook_gen.audio_assembler | Error cargando fragmento C:\Users\EM2024~1\AppData\Local\Temp\audiobook_gen\chunk_00671.mp3: [WinError 2] El sistema no puede encontrar el archivo especificado
2026-04-21 17:23:55 | ERROR    | audiobook_gen.audio_assembler | Error cargando fragmento C:\Users\EM2024~1\AppData\Local\Temp\audiobook_gen\chunk_00672.mp3: [WinError 2] El sistema no puede encontrar el archivo especificado
2026-04-21 17:23:55 | ERROR    | audiobook_gen.audio_assembler | Error cargando fragmento C:\Users\EM2024~1\AppData\Local\Temp\audiobook_gen\chunk_00673.mp3: [WinError 2] El sistema no puede encontrar el archivo especificado
2026-04-21 17:23:55 | ERROR    | audiobook_gen.audio_assembler | Error cargando fragmento C:\Users\EM2024~1\AppData\Local\Temp\audiobook_gen\chunk_00674.mp3: [WinError 2] El sistema no puede encontrar el archivo especificado
2026-04-21 17:23:55 | ERROR    | audiobook_gen.audio_assembler | Error cargando fragmento C:\Users\EM2024~1\AppData\Local\Temp\audiobook_gen\chunk_00675.mp3: [WinError 2] El sistema no puede encontrar el archivo especificado
2026-04-21 17:23:55 | ERROR    | audiobook_gen.audio_assembler | Error cargando fragmento C:\Users\EM2024~1\AppData\Local\Temp\audiobook_gen\chunk_00676.mp3: [WinError 2] El sistema no puede encontrar el archivo especificado
2026-04-21 17:23:55 | ERROR    | audiobook_gen.audio_assembler | Error cargando fragmento C:\Users\EM2024~1\AppData\Local\Temp\audiobook_gen\chunk_00677.mp3: [WinError 2] El sistema no puede encontrar el archivo especificado
2026-04-21 17:23:55 | ERROR    | audiobook_gen.audio_assembler | Error cargando fragmento C:\Users\EM2024~1\AppData\Local\Temp\audiobook_gen\chunk_00678.mp3: [WinError 2] El sistema no puede encontrar el archivo especificado
2026-04-21 17:23:55 | ERROR    | audiobook_gen.audio_assembler | Error cargando fragmento C:\Users\EM2024~1\AppData\Local\Temp\audiobook_gen\chunk_00679.mp3: [WinError 2] El sistema no puede encontrar el archivo especificado
2026-04-21 17:23:55 | ERROR    | audiobook_gen.audio_assembler | Error cargando fragmento C:\Users\EM2024~1\AppData\Local\Temp\audiobook_gen\chunk_00680.mp3: [WinError 2] El sistema no puede encontrar el archivo especificado
2026-04-21 17:23:55 | ERROR    | audiobook_gen.audio_assembler | Error cargando fragmento C:\Users\EM2024~1\AppData\Local\Temp\audiobook_gen\chunk_00681.mp3: [WinError 2] El sistema no puede encontrar el archivo especificado
2026-04-21 17:23:55 | ERROR    | audiobook_gen.audio_assembler | Error cargando fragmento C:\Users\EM2024~1\AppData\Local\Temp\audiobook_gen\chunk_00682.mp3: [WinError 2] El sistema no puede encontrar el archivo especificado
2026-04-21 17:23:55 | ERROR    | audiobook_gen.audio_assembler | Error cargando fragmento C:\Users\EM2024~1\AppData\Local\Temp\audiobook_gen\chunk_00683.mp3: [WinError 2] El sistema no puede encontrar el archivo especificado
2026-04-21 17:23:55 | ERROR    | audiobook_gen.audio_assembler | Error cargando fragmento C:\Users\EM2024~1\AppData\Local\Temp\audiobook_gen\chunk_00684.mp3: [WinError 2] El sistema no puede encontrar el archivo especificado
2026-04-21 17:23:55 | ERROR    | audiobook_gen.audio_assembler | Error cargando fragmento C:\Users\EM2024~1\AppData\Local\Temp\audiobook_gen\chunk_00685.mp3: [WinError 2] El sistema no puede encontrar el archivo especificado
2026-04-21 17:23:55 | ERROR    | audiobook_gen.audio_assembler | Error cargando fragmento C:\Users\EM2024~1\AppData\Local\Temp\audiobook_gen\chunk_00686.mp3: [WinError 2] El sistema no puede encontrar el archivo especificado
2026-04-21 17:23:55 | ERROR    | audiobook_gen.audio_assembler | Error cargando fragmento C:\Users\EM2024~1\AppData\Local\Temp\audiobook_gen\chunk_00687.mp3: [WinError 2] El sistema no puede encontrar el archivo especificado
2026-04-21 17:23:55 | ERROR    | audiobook_gen.audio_assembler | Error cargando fragmento C:\Users\EM2024~1\AppData\Local\Temp\audiobook_gen\chunk_00688.mp3: [WinError 2] El sistema no puede encontrar el archivo especificado
2026-04-21 17:23:55 | ERROR    | audiobook_gen.audio_assembler | Error cargando fragmento C:\Users\EM2024~1\AppData\Local\Temp\audiobook_gen\chunk_00689.mp3: [WinError 2] El sistema no puede encontrar el archivo especificado
2026-04-21 17:23:55 | ERROR    | audiobook_gen.audio_assembler | Error cargando fragmento C:\Users\EM2024~1\AppData\Local\Temp\audiobook_gen\chunk_00690.mp3: [WinError 2] El sistema no puede encontrar el archivo especificado
2026-04-21 17:23:55 | ERROR    | audiobook_gen.audio_assembler | Error cargando fragmento C:\Users\EM2024~1\AppData\Local\Temp\audiobook_gen\chunk_00691.mp3: [WinError 2] El sistema no puede encontrar el archivo especificado
2026-04-21 17:23:55 | ERROR    | audiobook_gen.audio_assembler | Error cargando fragmento C:\Users\EM2024~1\AppData\Local\Temp\audiobook_gen\chunk_00692.mp3: [WinError 2] El sistema no puede encontrar el archivo especificado
2026-04-21 17:23:55 | ERROR    | audiobook_gen.audio_assembler | Error cargando fragmento C:\Users\EM2024~1\AppData\Local\Temp\audiobook_gen\chunk_00693.mp3: [WinError 2] El sistema no puede encontrar el archivo especificado
2026-04-21 17:23:55 | ERROR    | audiobook_gen.audio_assembler | Error cargando fragmento C:\Users\EM2024~1\AppData\Local\Temp\audiobook_gen\chunk_00694.mp3: [WinError 2] El sistema no puede encontrar el archivo especificado
2026-04-21 17:23:55 | ERROR    | audiobook_gen.audio_assembler | Error cargando fragmento C:\Users\EM2024~1\AppData\Local\Temp\audiobook_gen\chunk_00695.mp3: [WinError 2] El sistema no puede encontrar el archivo especificado
2026-04-21 17:23:55 | ERROR    | audiobook_gen.audio_assembler | Error cargando fragmento C:\Users\EM2024~1\AppData\Local\Temp\audiobook_gen\chunk_00696.mp3: [WinError 2] El sistema no puede encontrar el archivo especificado
2026-04-21 17:23:55 | ERROR    | audiobook_gen.audio_assembler | Error cargando fragmento C:\Users\EM2024~1\AppData\Local\Temp\audiobook_gen\chunk_00697.mp3: [WinError 2] El sistema no puede encontrar el archivo especificado
2026-04-21 17:23:55 | ERROR    | audiobook_gen.audio_assembler | Error cargando fragmento C:\Users\EM2024~1\AppData\Local\Temp\audiobook_gen\chunk_00698.mp3: [WinError 2] El sistema no puede encontrar el archivo especificado
2026-04-21 17:23:55 | ERROR    | audiobook_gen.audio_assembler | Error cargando fragmento C:\Users\EM2024~1\AppData\Local\Temp\audiobook_gen\chunk_00699.mp3: [WinError 2] El sistema no puede encontrar el archivo especificado
2026-04-21 17:23:55 | ERROR    | audiobook_gen.audio_assembler | Error cargando fragmento C:\Users\EM2024~1\AppData\Local\Temp\audiobook_gen\chunk_00700.mp3: [WinError 2] El sistema no puede encontrar el archivo especificado
2026-04-21 17:23:56 | ERROR    | audiobook_gen.audio_assembler | Error cargando fragmento C:\Users\EM2024~1\AppData\Local\Temp\audiobook_gen\chunk_00701.mp3: [WinError 2] El sistema no puede encontrar el archivo especificado
2026-04-21 17:23:56 | ERROR    | audiobook_gen.audio_assembler | Error cargando fragmento C:\Users\EM2024~1\AppData\Local\Temp\audiobook_gen\chunk_00702.mp3: [WinError 2] El sistema no puede encontrar el archivo especificado
2026-04-21 17:23:56 | ERROR    | audiobook_gen.audio_assembler | Error cargando fragmento C:\Users\EM2024~1\AppData\Local\Temp\audiobook_gen\chunk_00703.mp3: [WinError 2] El sistema no puede encontrar el archivo especificado
2026-04-21 17:23:56 | ERROR    | audiobook_gen.audio_assembler | Error cargando fragmento C:\Users\EM2024~1\AppData\Local\Temp\audiobook_gen\chunk_00704.mp3: [WinError 2] El sistema no puede encontrar el archivo especificado
2026-04-21 17:23:56 | ERROR    | audiobook_gen.audio_assembler | Error cargando fragmento C:\Users\EM2024~1\AppData\Local\Temp\audiobook_gen\chunk_00705.mp3: [WinError 2] El sistema no puede encontrar el archivo especificado
2026-04-21 17:23:56 | ERROR    | audiobook_gen.audio_assembler | Error cargando fragmento C:\Users\EM2024~1\AppData\Local\Temp\audiobook_gen\chunk_00706.mp3: [WinError 2] El sistema no puede encontrar el archivo especificado
2026-04-21 17:23:56 | ERROR    | audiobook_gen.audio_assembler | Error cargando fragmento C:\Users\EM2024~1\AppData\Local\Temp\audiobook_gen\chunk_00707.mp3: [WinError 2] El sistema no puede encontrar el archivo especificado
2026-04-21 17:23:56 | ERROR    | audiobook_gen.audio_assembler | Error cargando fragmento C:\Users\EM2024~1\AppData\Local\Temp\audiobook_gen\chunk_00708.mp3: [WinError 2] El sistema no puede encontrar el archivo especificado
2026-04-21 17:23:56 | ERROR    | audiobook_gen.audio_assembler | Error cargando fragmento C:\Users\EM2024~1\AppData\Local\Temp\audiobook_gen\chunk_00709.mp3: [WinError 2] El sistema no puede encontrar el archivo especificado
2026-04-21 17:23:56 | ERROR    | audiobook_gen.audio_assembler | Error cargando fragmento C:\Users\EM2024~1\AppData\Local\Temp\audiobook_gen\chunk_00710.mp3: [WinError 2] El sistema no puede encontrar el archivo especificado
2026-04-21 17:23:56 | ERROR    | audiobook_gen.audio_assembler | Error cargando fragmento C:\Users\EM2024~1\AppData\Local\Temp\audiobook_gen\chunk_00711.mp3: [WinError 2] El sistema no puede encontrar el archivo especificado
2026-04-21 17:23:56 | ERROR    | audiobook_gen.audio_assembler | Error cargando fragmento C:\Users\EM2024~1\AppData\Local\Temp\audiobook_gen\chunk_00712.mp3: [WinError 2] El sistema no puede encontrar el archivo especificado
2026-04-21 17:23:56 | ERROR    | audiobook_gen.audio_assembler | Error cargando fragmento C:\Users\EM2024~1\AppData\Local\Temp\audiobook_gen\chunk_00713.mp3: [WinError 2] El sistema no puede encontrar el archivo especificado
2026-04-21 17:23:56 | ERROR    | audiobook_gen.audio_assembler | Error cargando fragmento C:\Users\EM2024~1\AppData\Local\Temp\audiobook_gen\chunk_00714.mp3: [WinError 2] El sistema no puede encontrar el archivo especificado
2026-04-21 17:23:56 | ERROR    | audiobook_gen.audio_assembler | Error cargando fragmento C:\Users\EM2024~1\AppData\Local\Temp\audiobook_gen\chunk_00715.mp3: [WinError 2] El sistema no puede encontrar el archivo especificado
2026-04-21 17:23:56 | ERROR    | audiobook_gen.audio_assembler | Error cargando fragmento C:\Users\EM2024~1\AppData\Local\Temp\audiobook_gen\chunk_00716.mp3: [WinError 2] El sistema no puede encontrar el archivo especificado
2026-04-21 17:23:56 | ERROR    | audiobook_gen.audio_assembler | Error cargando fragmento C:\Users\EM2024~1\AppData\Local\Temp\audiobook_gen\chunk_00717.mp3: [WinError 2] El sistema no puede encontrar el archivo especificado
2026-04-21 17:23:56 | ERROR    | audiobook_gen.audio_assembler | Error cargando fragmento C:\Users\EM2024~1\AppData\Local\Temp\audiobook_gen\chunk_00718.mp3: [WinError 2] El sistema no puede encontrar el archivo especificado
2026-04-21 17:23:56 | ERROR    | audiobook_gen.audio_assembler | Error cargando fragmento C:\Users\EM2024~1\AppData\Local\Temp\audiobook_gen\chunk_00719.mp3: [WinError 2] El sistema no puede encontrar el archivo especificado
2026-04-21 17:23:56 | ERROR    | audiobook_gen.audio_assembler | Error cargando fragmento C:\Users\EM2024~1\AppData\Local\Temp\audiobook_gen\chunk_00720.mp3: [WinError 2] El sistema no puede encontrar el archivo especificado
2026-04-21 17:23:57 | ERROR    | audiobook_gen.audio_assembler | Error cargando fragmento C:\Users\EM2024~1\AppData\Local\Temp\audiobook_gen\chunk_00721.mp3: [WinError 2] El sistema no puede encontrar el archivo especificado
2026-04-21 17:23:57 | ERROR    | audiobook_gen.audio_assembler | Error cargando fragmento C:\Users\EM2024~1\AppData\Local\Temp\audiobook_gen\chunk_00722.mp3: [WinError 2] El sistema no puede encontrar el archivo especificado
2026-04-21 17:23:57 | ERROR    | audiobook_gen.audio_assembler | Error cargando fragmento C:\Users\EM2024~1\AppData\Local\Temp\audiobook_gen\chunk_00723.mp3: [WinError 2] El sistema no puede encontrar el archivo especificado
2026-04-21 17:23:57 | ERROR    | audiobook_gen.audio_assembler | Error cargando fragmento C:\Users\EM2024~1\AppData\Local\Temp\audiobook_gen\chunk_00724.mp3: [WinError 2] El sistema no puede encontrar el archivo especificado
2026-04-21 17:23:57 | ERROR    | audiobook_gen.audio_assembler | Error cargando fragmento C:\Users\EM2024~1\AppData\Local\Temp\audiobook_gen\chunk_00725.mp3: [WinError 2] El sistema no puede encontrar el archivo especificado
2026-04-21 17:23:57 | ERROR    | audiobook_gen.audio_assembler | Error cargando fragmento C:\Users\EM2024~1\AppData\Local\Temp\audiobook_gen\chunk_00726.mp3: [WinError 2] El sistema no puede encontrar el archivo especificado
2026-04-21 17:23:57 | ERROR    | audiobook_gen.audio_assembler | Error cargando fragmento C:\Users\EM2024~1\AppData\Local\Temp\audiobook_gen\chunk_00727.mp3: [WinError 2] El sistema no puede encontrar el archivo especificado
2026-04-21 17:23:57 | ERROR    | audiobook_gen.audio_assembler | Error cargando fragmento C:\Users\EM2024~1\AppData\Local\Temp\audiobook_gen\chunk_00728.mp3: [WinError 2] El sistema no puede encontrar el archivo especificado
2026-04-21 17:23:57 | ERROR    | audiobook_gen.audio_assembler | Error cargando fragmento C:\Users\EM2024~1\AppData\Local\Temp\audiobook_gen\chunk_00729.mp3: [WinError 2] El sistema no puede encontrar el archivo especificado
2026-04-21 17:23:57 | ERROR    | audiobook_gen.audio_assembler | Error cargando fragmento C:\Users\EM2024~1\AppData\Local\Temp\audiobook_gen\chunk_00730.mp3: [WinError 2] El sistema no puede encontrar el archivo especificado
2026-04-21 17:23:57 | ERROR    | audiobook_gen.audio_assembler | Error cargando fragmento C:\Users\EM2024~1\AppData\Local\Temp\audiobook_gen\chunk_00731.mp3: [WinError 2] El sistema no puede encontrar el archivo especificado
2026-04-21 17:23:57 | ERROR    | audiobook_gen.audio_assembler | Error cargando fragmento C:\Users\EM2024~1\AppData\Local\Temp\audiobook_gen\chunk_00732.mp3: [WinError 2] El sistema no puede encontrar el archivo especificado
2026-04-21 17:23:57 | ERROR    | audiobook_gen.audio_assembler | Error cargando fragmento C:\Users\EM2024~1\AppData\Local\Temp\audiobook_gen\chunk_00733.mp3: [WinError 2] El sistema no puede encontrar el archivo especificado
2026-04-21 17:23:57 | ERROR    | audiobook_gen.audio_assembler | Error cargando fragmento C:\Users\EM2024~1\AppData\Local\Temp\audiobook_gen\chunk_00734.mp3: [WinError 2] El sistema no puede encontrar el archivo especificado
2026-04-21 17:23:57 | ERROR    | audiobook_gen.audio_assembler | Error cargando fragmento C:\Users\EM2024~1\AppData\Local\Temp\audiobook_gen\chunk_00735.mp3: [WinError 2] El sistema no puede encontrar el archivo especificado
2026-04-21 17:23:57 | ERROR    | audiobook_gen.audio_assembler | Error cargando fragmento C:\Users\EM2024~1\AppData\Local\Temp\audiobook_gen\chunk_00736.mp3: [WinError 2] El sistema no puede encontrar el archivo especificado
2026-04-21 17:23:57 | ERROR    | audiobook_gen.audio_assembler | Error cargando fragmento C:\Users\EM2024~1\AppData\Local\Temp\audiobook_gen\chunk_00737.mp3: [WinError 2] El sistema no puede encontrar el archivo especificado
2026-04-21 17:23:57 | ERROR    | audiobook_gen.audio_assembler | Error cargando fragmento C:\Users\EM2024~1\AppData\Local\Temp\audiobook_gen\chunk_00738.mp3: [WinError 2] El sistema no puede encontrar el archivo especificado
2026-04-21 17:23:57 | ERROR    | audiobook_gen.audio_assembler | Error cargando fragmento C:\Users\EM2024~1\AppData\Local\Temp\audiobook_gen\chunk_00739.mp3: [WinError 2] El sistema no puede encontrar el archivo especificado
2026-04-21 17:23:57 | ERROR    | audiobook_gen.audio_assembler | Error cargando fragmento C:\Users\EM2024~1\AppData\Local\Temp\audiobook_gen\chunk_00740.mp3: [WinError 2] El sistema no puede encontrar el archivo especificado
2026-04-21 17:23:57 | ERROR    | audiobook_gen.audio_assembler | Error cargando fragmento C:\Users\EM2024~1\AppData\Local\Temp\audiobook_gen\chunk_00741.mp3: [WinError 2] El sistema no puede encontrar el archivo especificado
2026-04-21 17:23:58 | ERROR    | audiobook_gen.audio_assembler | Error cargando fragmento C:\Users\EM2024~1\AppData\Local\Temp\audiobook_gen\chunk_00742.mp3: [WinError 2] El sistema no puede encontrar el archivo especificado
2026-04-21 17:23:58 | ERROR    | audiobook_gen.audio_assembler | Error cargando fragmento C:\Users\EM2024~1\AppData\Local\Temp\audiobook_gen\chunk_00743.mp3: [WinError 2] El sistema no puede encontrar el archivo especificado
2026-04-21 17:23:58 | ERROR    | audiobook_gen.audio_assembler | Error cargando fragmento C:\Users\EM2024~1\AppData\Local\Temp\audiobook_gen\chunk_00744.mp3: [WinError 2] El sistema no puede encontrar el archivo especificado
2026-04-21 17:23:58 | ERROR    | audiobook_gen.audio_assembler | Error cargando fragmento C:\Users\EM2024~1\AppData\Local\Temp\audiobook_gen\chunk_00745.mp3: [WinError 2] El sistema no puede encontrar el archivo especificado
2026-04-21 17:23:58 | ERROR    | audiobook_gen.audio_assembler | Error cargando fragmento C:\Users\EM2024~1\AppData\Local\Temp\audiobook_gen\chunk_00746.mp3: [WinError 2] El sistema no puede encontrar el archivo especificado
2026-04-21 17:23:58 | ERROR    | audiobook_gen.audio_assembler | Error cargando fragmento C:\Users\EM2024~1\AppData\Local\Temp\audiobook_gen\chunk_00747.mp3: [WinError 2] El sistema no puede encontrar el archivo especificado
2026-04-21 17:23:58 | ERROR    | audiobook_gen.audio_assembler | Error cargando fragmento C:\Users\EM2024~1\AppData\Local\Temp\audiobook_gen\chunk_00748.mp3: [WinError 2] El sistema no puede encontrar el archivo especificado
2026-04-21 17:23:58 | ERROR    | audiobook_gen.audio_assembler | Error cargando fragmento C:\Users\EM2024~1\AppData\Local\Temp\audiobook_gen\chunk_00749.mp3: [WinError 2] El sistema no puede encontrar el archivo especificado
2026-04-21 17:23:58 | ERROR    | audiobook_gen.audio_assembler | Error cargando fragmento C:\Users\EM2024~1\AppData\Local\Temp\audiobook_gen\chunk_00750.mp3: [WinError 2] El sistema no puede encontrar el archivo especificado
2026-04-21 17:23:58 | ERROR    | audiobook_gen.audio_assembler | Error cargando fragmento C:\Users\EM2024~1\AppData\Local\Temp\audiobook_gen\chunk_00751.mp3: [WinError 2] El sistema no puede encontrar el archivo especificado
2026-04-21 17:23:58 | ERROR    | audiobook_gen.audio_assembler | Error cargando fragmento C:\Users\EM2024~1\AppData\Local\Temp\audiobook_gen\chunk_00752.mp3: [WinError 2] El sistema no puede encontrar el archivo especificado
2026-04-21 17:23:58 | ERROR    | audiobook_gen.audio_assembler | Error cargando fragmento C:\Users\EM2024~1\AppData\Local\Temp\audiobook_gen\chunk_00753.mp3: [WinError 2] El sistema no puede encontrar el archivo especificado
2026-04-21 17:23:58 | ERROR    | audiobook_gen.audio_assembler | Error cargando fragmento C:\Users\EM2024~1\AppData\Local\Temp\audiobook_gen\chunk_00754.mp3: [WinError 2] El sistema no puede encontrar el archivo especificado
2026-04-21 17:23:58 | ERROR    | audiobook_gen.audio_assembler | Error cargando fragmento C:\Users\EM2024~1\AppData\Local\Temp\audiobook_gen\chunk_00755.mp3: [WinError 2] El sistema no puede encontrar el archivo especificado
2026-04-21 17:23:58 | ERROR    | audiobook_gen.audio_assembler | Error cargando fragmento C:\Users\EM2024~1\AppData\Local\Temp\audiobook_gen\chunk_00756.mp3: [WinError 2] El sistema no puede encontrar el archivo especificado
2026-04-21 17:23:58 | ERROR    | audiobook_gen.audio_assembler | Error cargando fragmento C:\Users\EM2024~1\AppData\Local\Temp\audiobook_gen\chunk_00757.mp3: [WinError 2] El sistema no puede encontrar el archivo especificado
2026-04-21 17:23:58 | ERROR    | audiobook_gen.audio_assembler | Error cargando fragmento C:\Users\EM2024~1\AppData\Local\Temp\audiobook_gen\chunk_00758.mp3: [WinError 2] El sistema no puede encontrar el archivo especificado
2026-04-21 17:23:58 | ERROR    | audiobook_gen.audio_assembler | Error cargando fragmento C:\Users\EM2024~1\AppData\Local\Temp\audiobook_gen\chunk_00759.mp3: [WinError 2] El sistema no puede encontrar el archivo especificado
2026-04-21 17:23:58 | ERROR    | audiobook_gen.audio_assembler | Error cargando fragmento C:\Users\EM2024~1\AppData\Local\Temp\audiobook_gen\chunk_00760.mp3: [WinError 2] El sistema no puede encontrar el archivo especificado
2026-04-21 17:23:58 | ERROR    | audiobook_gen.audio_assembler | Error cargando fragmento C:\Users\EM2024~1\AppData\Local\Temp\audiobook_gen\chunk_00761.mp3: [WinError 2] El sistema no puede encontrar el archivo especificado
2026-04-21 17:23:58 | ERROR    | audiobook_gen.audio_assembler | Error cargando fragmento C:\Users\EM2024~1\AppData\Local\Temp\audiobook_gen\chunk_00762.mp3: [WinError 2] El sistema no puede encontrar el archivo especificado
2026-04-21 17:23:58 | ERROR    | audiobook_gen.audio_assembler | Error cargando fragmento C:\Users\EM2024~1\AppData\Local\Temp\audiobook_gen\chunk_00763.mp3: [WinError 2] El sistema no puede encontrar el archivo especificado
2026-04-21 17:23:58 | ERROR    | audiobook_gen.audio_assembler | Error cargando fragmento C:\Users\EM2024~1\AppData\Local\Temp\audiobook_gen\chunk_00764.mp3: [WinError 2] El sistema no puede encontrar el archivo especificado
2026-04-21 17:23:58 | ERROR    | audiobook_gen.audio_assembler | Error cargando fragmento C:\Users\EM2024~1\AppData\Local\Temp\audiobook_gen\chunk_00765.mp3: [WinError 2] El sistema no puede encontrar el archivo especificado
2026-04-21 17:23:58 | ERROR    | audiobook_gen.audio_assembler | Error cargando fragmento C:\Users\EM2024~1\AppData\Local\Temp\audiobook_gen\chunk_00766.mp3: [WinError 2] El sistema no puede encontrar el archivo especificado
2026-04-21 17:23:58 | ERROR    | audiobook_gen.audio_assembler | Error cargando fragmento C:\Users\EM2024~1\AppData\Local\Temp\audiobook_gen\chunk_00767.mp3: [WinError 2] El sistema no puede encontrar el archivo especificado
2026-04-21 17:23:58 | ERROR    | audiobook_gen.audio_assembler | Error cargando fragmento C:\Users\EM2024~1\AppData\Local\Temp\audiobook_gen\chunk_00768.mp3: [WinError 2] El sistema no puede encontrar el archivo especificado
2026-04-21 17:23:58 | ERROR    | audiobook_gen.audio_assembler | Error cargando fragmento C:\Users\EM2024~1\AppData\Local\Temp\audiobook_gen\chunk_00769.mp3: [WinError 2] El sistema no puede encontrar el archivo especificado
2026-04-21 17:23:58 | ERROR    | audiobook_gen.audio_assembler | Error cargando fragmento C:\Users\EM2024~1\AppData\Local\Temp\audiobook_gen\chunk_00770.mp3: [WinError 2] El sistema no puede encontrar el archivo especificado
2026-04-21 17:23:58 | ERROR    | audiobook_gen.audio_assembler | Error cargando fragmento C:\Users\EM2024~1\AppData\Local\Temp\audiobook_gen\chunk_00771.mp3: [WinError 2] El sistema no puede encontrar el archivo especificado
2026-04-21 17:23:58 | ERROR    | audiobook_gen.audio_assembler | Error cargando fragmento C:\Users\EM2024~1\AppData\Local\Temp\audiobook_gen\chunk_00772.mp3: [WinError 2] El sistema no puede encontrar el archivo especificado
2026-04-21 17:23:58 | ERROR    | audiobook_gen.audio_assembler | Error cargando fragmento C:\Users\EM2024~1\AppData\Local\Temp\audiobook_gen\chunk_00773.mp3: [WinError 2] El sistema no puede encontrar el archivo especificado
2026-04-21 17:23:58 | ERROR    | audiobook_gen.audio_assembler | Error cargando fragmento C:\Users\EM2024~1\AppData\Local\Temp\audiobook_gen\chunk_00774.mp3: [WinError 2] El sistema no puede encontrar el archivo especificado
2026-04-21 17:23:59 | ERROR    | audiobook_gen.audio_assembler | Error cargando fragmento C:\Users\EM2024~1\AppData\Local\Temp\audiobook_gen\chunk_00775.mp3: [WinError 2] El sistema no puede encontrar el archivo especificado
2026-04-21 17:23:59 | ERROR    | audiobook_gen.audio_assembler | Error cargando fragmento C:\Users\EM2024~1\AppData\Local\Temp\audiobook_gen\chunk_00776.mp3: [WinError 2] El sistema no puede encontrar el archivo especificado
2026-04-21 17:23:59 | ERROR    | audiobook_gen.audio_assembler | Error cargando fragmento C:\Users\EM2024~1\AppData\Local\Temp\audiobook_gen\chunk_00777.mp3: [WinError 2] El sistema no puede encontrar el archivo especificado
2026-04-21 17:23:59 | ERROR    | audiobook_gen.audio_assembler | Error cargando fragmento C:\Users\EM2024~1\AppData\Local\Temp\audiobook_gen\chunk_00778.mp3: [WinError 2] El sistema no puede encontrar el archivo especificado
2026-04-21 17:23:59 | ERROR    | audiobook_gen.audio_assembler | Error cargando fragmento C:\Users\EM2024~1\AppData\Local\Temp\audiobook_gen\chunk_00779.mp3: [WinError 2] El sistema no puede encontrar el archivo especificado
2026-04-21 17:23:59 | ERROR    | audiobook_gen.audio_assembler | Error cargando fragmento C:\Users\EM2024~1\AppData\Local\Temp\audiobook_gen\chunk_00780.mp3: [WinError 2] El sistema no puede encontrar el archivo especificado
2026-04-21 17:23:59 | ERROR    | audiobook_gen.audio_assembler | Error cargando fragmento C:\Users\EM2024~1\AppData\Local\Temp\audiobook_gen\chunk_00781.mp3: [WinError 2] El sistema no puede encontrar el archivo especificado
2026-04-21 17:23:59 | ERROR    | audiobook_gen.audio_assembler | Error cargando fragmento C:\Users\EM2024~1\AppData\Local\Temp\audiobook_gen\chunk_00782.mp3: [WinError 2] El sistema no puede encontrar el archivo especificado
2026-04-21 17:23:59 | ERROR    | audiobook_gen.audio_assembler | Error cargando fragmento C:\Users\EM2024~1\AppData\Local\Temp\audiobook_gen\chunk_00783.mp3: [WinError 2] El sistema no puede encontrar el archivo especificado
2026-04-21 17:23:59 | ERROR    | audiobook_gen.audio_assembler | Error cargando fragmento C:\Users\EM2024~1\AppData\Local\Temp\audiobook_gen\chunk_00784.mp3: [WinError 2] El sistema no puede encontrar el archivo especificado
2026-04-21 17:23:59 | ERROR    | audiobook_gen.audio_assembler | Error cargando fragmento C:\Users\EM2024~1\AppData\Local\Temp\audiobook_gen\chunk_00785.mp3: [WinError 2] El sistema no puede encontrar el archivo especificado
2026-04-21 17:23:59 | ERROR    | audiobook_gen.audio_assembler | Error cargando fragmento C:\Users\EM2024~1\AppData\Local\Temp\audiobook_gen\chunk_00786.mp3: [WinError 2] El sistema no puede encontrar el archivo especificado
2026-04-21 17:23:59 | ERROR    | audiobook_gen.audio_assembler | Error cargando fragmento C:\Users\EM2024~1\AppData\Local\Temp\audiobook_gen\chunk_00787.mp3: [WinError 2] El sistema no puede encontrar el archivo especificado
2026-04-21 17:23:59 | ERROR    | audiobook_gen.audio_assembler | Error cargando fragmento C:\Users\EM2024~1\AppData\Local\Temp\audiobook_gen\chunk_00788.mp3: [WinError 2] El sistema no puede encontrar el archivo especificado
2026-04-21 17:23:59 | ERROR    | audiobook_gen.audio_assembler | Error cargando fragmento C:\Users\EM2024~1\AppData\Local\Temp\audiobook_gen\chunk_00789.mp3: [WinError 2] El sistema no puede encontrar el archivo especificado
2026-04-21 17:23:59 | ERROR    | audiobook_gen.audio_assembler | Error cargando fragmento C:\Users\EM2024~1\AppData\Local\Temp\audiobook_gen\chunk_00790.mp3: [WinError 2] El sistema no puede encontrar el archivo especificado
2026-04-21 17:23:59 | ERROR    | audiobook_gen.audio_assembler | Error cargando fragmento C:\Users\EM2024~1\AppData\Local\Temp\audiobook_gen\chunk_00791.mp3: [WinError 2] El sistema no puede encontrar el archivo especificado
2026-04-21 17:23:59 | ERROR    | audiobook_gen.audio_assembler | Error cargando fragmento C:\Users\EM2024~1\AppData\Local\Temp\audiobook_gen\chunk_00792.mp3: [WinError 2] El sistema no puede encontrar el archivo especificado
2026-04-21 17:23:59 | ERROR    | audiobook_gen.audio_assembler | Error cargando fragmento C:\Users\EM2024~1\AppData\Local\Temp\audiobook_gen\chunk_00793.mp3: [WinError 2] El sistema no puede encontrar el archivo especificado
2026-04-21 17:23:59 | ERROR    | audiobook_gen.audio_assembler | Error cargando fragmento C:\Users\EM2024~1\AppData\Local\Temp\audiobook_gen\chunk_00794.mp3: [WinError 2] El sistema no puede encontrar el archivo especificado
2026-04-21 17:23:59 | ERROR    | audiobook_gen.audio_assembler | Error cargando fragmento C:\Users\EM2024~1\AppData\Local\Temp\audiobook_gen\chunk_00795.mp3: [WinError 2] El sistema no puede encontrar el archivo especificado
2026-04-21 17:23:59 | ERROR    | audiobook_gen.audio_assembler | Error cargando fragmento C:\Users\EM2024~1\AppData\Local\Temp\audiobook_gen\chunk_00796.mp3: [WinError 2] El sistema no puede encontrar el archivo especificado
2026-04-21 17:23:59 | ERROR    | audiobook_gen.audio_assembler | Error cargando fragmento C:\Users\EM2024~1\AppData\Local\Temp\audiobook_gen\chunk_00797.mp3: [WinError 2] El sistema no puede encontrar el archivo especificado
2026-04-21 17:23:59 | ERROR    | audiobook_gen.audio_assembler | Error cargando fragmento C:\Users\EM2024~1\AppData\Local\Temp\audiobook_gen\chunk_00798.mp3: [WinError 2] El sistema no puede encontrar el archivo especificado
2026-04-21 17:24:00 | ERROR    | audiobook_gen.audio_assembler | Error cargando fragmento C:\Users\EM2024~1\AppData\Local\Temp\audiobook_gen\chunk_00799.mp3: [WinError 2] El sistema no puede encontrar el archivo especificado
2026-04-21 17:24:00 | ERROR    | audiobook_gen.audio_assembler | Error cargando fragmento C:\Users\EM2024~1\AppData\Local\Temp\audiobook_gen\chunk_00800.mp3: [WinError 2] El sistema no puede encontrar el archivo especificado
2026-04-21 17:24:00 | ERROR    | audiobook_gen.audio_assembler | Error cargando fragmento C:\Users\EM2024~1\AppData\Local\Temp\audiobook_gen\chunk_00801.mp3: [WinError 2] El sistema no puede encontrar el archivo especificado
2026-04-21 17:24:00 | ERROR    | audiobook_gen.audio_assembler | Error cargando fragmento C:\Users\EM2024~1\AppData\Local\Temp\audiobook_gen\chunk_00802.mp3: [WinError 2] El sistema no puede encontrar el archivo especificado
2026-04-21 17:24:00 | ERROR    | audiobook_gen.audio_assembler | Error cargando fragmento C:\Users\EM2024~1\AppData\Local\Temp\audiobook_gen\chunk_00803.mp3: [WinError 2] El sistema no puede encontrar el archivo especificado
2026-04-21 17:24:00 | ERROR    | audiobook_gen.audio_assembler | Error cargando fragmento C:\Users\EM2024~1\AppData\Local\Temp\audiobook_gen\chunk_00804.mp3: [WinError 2] El sistema no puede encontrar el archivo especificado
2026-04-21 17:24:00 | ERROR    | audiobook_gen.audio_assembler | Error cargando fragmento C:\Users\EM2024~1\AppData\Local\Temp\audiobook_gen\chunk_00805.mp3: [WinError 2] El sistema no puede encontrar el archivo especificado
2026-04-21 17:24:00 | ERROR    | audiobook_gen.audio_assembler | Error cargando fragmento C:\Users\EM2024~1\AppData\Local\Temp\audiobook_gen\chunk_00806.mp3: [WinError 2] El sistema no puede encontrar el archivo especificado
2026-04-21 17:24:00 | ERROR    | audiobook_gen.audio_assembler | Error cargando fragmento C:\Users\EM2024~1\AppData\Local\Temp\audiobook_gen\chunk_00807.mp3: [WinError 2] El sistema no puede encontrar el archivo especificado
2026-04-21 17:24:00 | ERROR    | audiobook_gen.audio_assembler | Error cargando fragmento C:\Users\EM2024~1\AppData\Local\Temp\audiobook_gen\chunk_00808.mp3: [WinError 2] El sistema no puede encontrar el archivo especificado
2026-04-21 17:24:00 | ERROR    | audiobook_gen.audio_assembler | Error cargando fragmento C:\Users\EM2024~1\AppData\Local\Temp\audiobook_gen\chunk_00809.mp3: [WinError 2] El sistema no puede encontrar el archivo especificado
2026-04-21 17:24:00 | ERROR    | audiobook_gen.audio_assembler | Error cargando fragmento C:\Users\EM2024~1\AppData\Local\Temp\audiobook_gen\chunk_00810.mp3: [WinError 2] El sistema no puede encontrar el archivo especificado
2026-04-21 17:24:00 | ERROR    | audiobook_gen.audio_assembler | Error cargando fragmento C:\Users\EM2024~1\AppData\Local\Temp\audiobook_gen\chunk_00811.mp3: [WinError 2] El sistema no puede encontrar el archivo especificado
2026-04-21 17:24:00 | ERROR    | audiobook_gen.audio_assembler | Error cargando fragmento C:\Users\EM2024~1\AppData\Local\Temp\audiobook_gen\chunk_00812.mp3: [WinError 2] El sistema no puede encontrar el archivo especificado
2026-04-21 17:24:00 | ERROR    | audiobook_gen.audio_assembler | Error cargando fragmento C:\Users\EM2024~1\AppData\Local\Temp\audiobook_gen\chunk_00813.mp3: [WinError 2] El sistema no puede encontrar el archivo especificado
2026-04-21 17:24:00 | ERROR    | audiobook_gen.audio_assembler | Error cargando fragmento C:\Users\EM2024~1\AppData\Local\Temp\audiobook_gen\chunk_00814.mp3: [WinError 2] El sistema no puede encontrar el archivo especificado
2026-04-21 17:24:00 | ERROR    | audiobook_gen.audio_assembler | Error cargando fragmento C:\Users\EM2024~1\AppData\Local\Temp\audiobook_gen\chunk_00815.mp3: [WinError 2] El sistema no puede encontrar el archivo especificado
2026-04-21 17:24:00 | ERROR    | audiobook_gen.audio_assembler | Error cargando fragmento C:\Users\EM2024~1\AppData\Local\Temp\audiobook_gen\chunk_00816.mp3: [WinError 2] El sistema no puede encontrar el archivo especificado
2026-04-21 17:24:00 | ERROR    | audiobook_gen.audio_assembler | Error cargando fragmento C:\Users\EM2024~1\AppData\Local\Temp\audiobook_gen\chunk_00817.mp3: [WinError 2] El sistema no puede encontrar el archivo especificado
2026-04-21 17:24:00 | ERROR    | audiobook_gen.audio_assembler | Error cargando fragmento C:\Users\EM2024~1\AppData\Local\Temp\audiobook_gen\chunk_00818.mp3: [WinError 2] El sistema no puede encontrar el archivo especificado
2026-04-21 17:24:01 | ERROR    | audiobook_gen.audio_assembler | Error cargando fragmento C:\Users\EM2024~1\AppData\Local\Temp\audiobook_gen\chunk_00819.mp3: [WinError 2] El sistema no puede encontrar el archivo especificado
2026-04-21 17:24:01 | ERROR    | audiobook_gen.audio_assembler | Error cargando fragmento C:\Users\EM2024~1\AppData\Local\Temp\audiobook_gen\chunk_00820.mp3: [WinError 2] El sistema no puede encontrar el archivo especificado
2026-04-21 17:24:01 | ERROR    | audiobook_gen.audio_assembler | Error cargando fragmento C:\Users\EM2024~1\AppData\Local\Temp\audiobook_gen\chunk_00821.mp3: [WinError 2] El sistema no puede encontrar el archivo especificado
2026-04-21 17:24:01 | ERROR    | audiobook_gen.audio_assembler | Error cargando fragmento C:\Users\EM2024~1\AppData\Local\Temp\audiobook_gen\chunk_00822.mp3: [WinError 2] El sistema no puede encontrar el archivo especificado
2026-04-21 17:24:01 | ERROR    | audiobook_gen.audio_assembler | Error cargando fragmento C:\Users\EM2024~1\AppData\Local\Temp\audiobook_gen\chunk_00823.mp3: [WinError 2] El sistema no puede encontrar el archivo especificado
2026-04-21 17:24:01 | ERROR    | audiobook_gen.audio_assembler | Error cargando fragmento C:\Users\EM2024~1\AppData\Local\Temp\audiobook_gen\chunk_00824.mp3: [WinError 2] El sistema no puede encontrar el archivo especificado
2026-04-21 17:24:01 | ERROR    | audiobook_gen.audio_assembler | Error cargando fragmento C:\Users\EM2024~1\AppData\Local\Temp\audiobook_gen\chunk_00825.mp3: [WinError 2] El sistema no puede encontrar el archivo especificado
2026-04-21 17:24:01 | ERROR    | audiobook_gen.audio_assembler | Error cargando fragmento C:\Users\EM2024~1\AppData\Local\Temp\audiobook_gen\chunk_00826.mp3: [WinError 2] El sistema no puede encontrar el archivo especificado
2026-04-21 17:24:01 | ERROR    | audiobook_gen.audio_assembler | Error cargando fragmento C:\Users\EM2024~1\AppData\Local\Temp\audiobook_gen\chunk_00827.mp3: [WinError 2] El sistema no puede encontrar el archivo especificado
2026-04-21 17:24:01 | ERROR    | audiobook_gen.audio_assembler | Error cargando fragmento C:\Users\EM2024~1\AppData\Local\Temp\audiobook_gen\chunk_00828.mp3: [WinError 2] El sistema no puede encontrar el archivo especificado
2026-04-21 17:24:01 | ERROR    | audiobook_gen.audio_assembler | Error cargando fragmento C:\Users\EM2024~1\AppData\Local\Temp\audiobook_gen\chunk_00829.mp3: [WinError 2] El sistema no puede encontrar el archivo especificado
2026-04-21 17:24:01 | ERROR    | audiobook_gen.audio_assembler | Error cargando fragmento C:\Users\EM2024~1\AppData\Local\Temp\audiobook_gen\chunk_00830.mp3: [WinError 2] El sistema no puede encontrar el archivo especificado
2026-04-21 17:24:01 | WARNING  | audiobook_gen.audio_assembler | Audio silencioso, no se puede normalizar
2026-04-21 17:24:01 | ERROR    | audiobook_gen.pipeline | Error en pipeline: [WinError 2] El sistema no puede encontrar el archivo especificado
Traceback (most recent call last):
  File "c:\Users\EM2024007301\Desktop\AudioBookGen\audiobook_gen\pipeline.py", line 203, in run
    assembler.assemble(temp_audio_files, chunks, output_path)
    ~~~~~~~~~~~~~~~~~~^^^^^^^^^^^^^^^^^^^^^^^^^^^^^^^^^^^^^^^
  File "c:\Users\EM2024007301\Desktop\AudioBookGen\audiobook_gen\core\audio_assembler.py", line 91, in assemble
    combined.export(
    ~~~~~~~~~~~~~~~^
        output_path,
        ^^^^^^^^^^^^
    ...<5 lines>...
        },
        ^^
    )
    ^
  File "C:\Users\EM2024007301\AppData\Local\Programs\Python\Python313\Lib\site-packages\pydub\audio_segment.py", line 963, in export
    p = subprocess.Popen(conversion_command, stdin=devnull, stdout=subprocess.PIPE, stderr=subprocess.PIPE)
  File "C:\Users\EM2024007301\AppData\Local\Programs\Python\Python313\Lib\subprocess.py", line 1036, in __init__
    self._execute_child(args, executable, preexec_fn, close_fds,
    ~~~~~~~~~~~~~~~~~~~^^^^^^^^^^^^^^^^^^^^^^^^^^^^^^^^^^^^^^^^^
                        pass_fds, cwd, env,
                        ^^^^^^^^^^^^^^^^^^^
    ...<5 lines>...
                        gid, gids, uid, umask,
                        ^^^^^^^^^^^^^^^^^^^^^^
                        start_new_session, process_group)
                        ^^^^^^^^^^^^^^^^^^^^^^^^^^^^^^^^^
  File "C:\Users\EM2024007301\AppData\Local\Programs\Python\Python313\Lib\subprocess.py", line 1548, in _execute_child
    hp, ht, pid, tid = _winapi.CreateProcess(executable, args,
                       ~~~~~~~~~~~~~~~~~~~~~^^^^^^^^^^^^^^^^^^
                             # no special security
                             ^^^^^^^^^^^^^^^^^^^^^
    ...<4 lines>...
                             cwd,
                             ^^^^
                             startupinfo)
                             ^^^^^^^^^^^^
FileNotFoundError: [WinError 2] El sistema no puede encontrar el archivo especificado
2026-04-21 17:45:29 | INFO     | audiobook_gen.pdf_extractor | Abriendo PDF: frases filosofia china.pdf
2026-04-21 17:45:29 | INFO     | audiobook_gen.pdf_extractor | PDF abierto — Páginas: 3, Título: frases filosofia china, Autor: (sin autor)
2026-04-21 17:45:29 | INFO     | audiobook_gen.pdf_extractor | Extracción completada — 3 páginas, 6200 caracteres totales
2026-04-21 17:45:29 | INFO     | audiobook_gen.pipeline | Extraídas 3 páginas
2026-04-21 17:45:29 | INFO     | audiobook_gen.text_cleaner | Iniciando limpieza de 3 páginas
2026-04-21 17:45:29 | INFO     | audiobook_gen.text_cleaner | Limpieza completada — 0 capítulos detectados, 6180 caracteres
2026-04-21 17:45:29 | INFO     | audiobook_gen.text_normalizer | Reglas cargadas — 30 abreviaturas, 20 símbolos, 16 siglas, 9 patrones
2026-04-21 17:45:29 | INFO     | audiobook_gen.pipeline | Texto normalizado: 6176 caracteres
2026-04-21 17:45:29 | INFO     | audiobook_gen.text_segmenter | Segmentación completada — 25 chunks, promedio 232 chars
2026-04-21 17:45:29 | INFO     | audiobook_gen.pipeline | Texto segmentado en 25 chunks
2026-04-21 17:45:29 | INFO     | audiobook_gen.tts_engine | Motor TTS: Edge-TTS (voces neuronales Microsoft)
2026-04-21 17:45:29 | INFO     | audiobook_gen.pipeline | Motor TTS: es-ES-ElviraNeural (España - Mujer (Elvira))
2026-04-21 17:46:15 | ERROR    | audiobook_gen.pipeline | Error en pipeline: 503, message='Invalid response status', url='wss://speech.platform.bing.com/consumer/speech/synthesize/readaloud/edge/v1?TrustedClientToken=6A5AA1D4EAFF4E9FB37E23D68491D6F4&ConnectionId=df125c26011f4dd7b2a6aecb93b2b07f&Sec-MS-GEC=7F33C8F284E25E0D0D320EEBD2D1B8BB746C3532ADA34F09147A475D0AAB2BF9&Sec-MS-GEC-Version=1-143.0.3650.75'
Traceback (most recent call last):
  File "c:\Users\EM2024007301\Desktop\AudioBookGen\audiobook_gen\core\tts_engine.py", line 106, in synthesize
    loop = asyncio.get_event_loop()
  File "C:\Users\EM2024007301\AppData\Local\Programs\Python\Python313\Lib\asyncio\events.py", line 716, in get_event_loop
    raise RuntimeError('There is no current event loop in thread %r.'
                       % threading.current_thread().name)
RuntimeError: There is no current event loop in thread 'Dummy-833'.

During handling of the above exception, another exception occurred:

Traceback (most recent call last):
  File "c:\Users\EM2024007301\Desktop\AudioBookGen\audiobook_gen\pipeline.py", line 187, in run
    tts_engine.synthesize(chunk, chunk_file)
    ~~~~~~~~~~~~~~~~~~~~~^^^^^^^^^^^^^^^^^^^
  File "c:\Users\EM2024007301\Desktop\AudioBookGen\audiobook_gen\core\tts_engine.py", line 116, in synthesize
    asyncio.run(_generate())
    ~~~~~~~~~~~^^^^^^^^^^^^^
  File "C:\Users\EM2024007301\AppData\Local\Programs\Python\Python313\Lib\asyncio\runners.py", line 194, in run
    return runner.run(main)
           ~~~~~~~~~~^^^^^^
  File "C:\Users\EM2024007301\AppData\Local\Programs\Python\Python313\Lib\asyncio\runners.py", line 118, in run
    return self._loop.run_until_complete(task)
           ~~~~~~~~~~~~~~~~~~~~~~~~~~~~~^^^^^^
  File "C:\Users\EM2024007301\AppData\Local\Programs\Python\Python313\Lib\asyncio\base_events.py", line 720, in run_until_complete
    return future.result()
           ~~~~~~~~~~~~~^^
  File "c:\Users\EM2024007301\Desktop\AudioBookGen\audiobook_gen\core\tts_engine.py", line 102, in _generate
    await communicate.save(output_path)
  File "C:\Users\EM2024007301\AppData\Local\Programs\Python\Python313\Lib\site-packages\edge_tts\communicate.py", line 613, in save
    async for message in self.stream():
    ...<7 lines>...
            metadata.write("\n")
  File "C:\Users\EM2024007301\AppData\Local\Programs\Python\Python313\Lib\site-packages\edge_tts\communicate.py", line 588, in stream
    async for message in self.__stream():
        yield message
  File "C:\Users\EM2024007301\AppData\Local\Programs\Python\Python313\Lib\site-packages\edge_tts\communicate.py", line 465, in __stream
    ) as session, session.ws_connect(
                  ~~~~~~~~~~~~~~~~~~^
        f"{WSS_URL}&ConnectionId={connect_id()}"
        ^^^^^^^^^^^^^^^^^^^^^^^^^^^^^^^^^^^^^^^^
    ...<5 lines>...
        ssl=_SSL_CTX,
        ^^^^^^^^^^^^^
    ) as websocket:
    ^
  File "C:\Users\EM2024007301\AppData\Local\Programs\Python\Python313\Lib\site-packages\aiohttp\client.py", line 1521, in __aenter__
    self._resp: _RetType = await self._coro
                           ^^^^^^^^^^^^^^^^
  File "C:\Users\EM2024007301\AppData\Local\Programs\Python\Python313\Lib\site-packages\aiohttp\client.py", line 1104, in _ws_connect
    raise WSServerHandshakeError(
    ...<5 lines>...
    )
aiohttp.client_exceptions.WSServerHandshakeError: 503, message='Invalid response status', url='wss://speech.platform.bing.com/consumer/speech/synthesize/readaloud/edge/v1?TrustedClientToken=6A5AA1D4EAFF4E9FB37E23D68491D6F4&ConnectionId=df125c26011f4dd7b2a6aecb93b2b07f&Sec-MS-GEC=7F33C8F284E25E0D0D320EEBD2D1B8BB746C3532ADA34F09147A475D0AAB2BF9&Sec-MS-GEC-Version=1-143.0.3650.75'
2026-04-21 17:47:04 | INFO     | audiobook_gen.pdf_extractor | Abriendo PDF: frases filosofia china.pdf
2026-04-21 17:47:04 | INFO     | audiobook_gen.pdf_extractor | PDF abierto — Páginas: 3, Título: frases filosofia china, Autor: (sin autor)
2026-04-21 17:47:04 | INFO     | audiobook_gen.pdf_extractor | Extracción completada — 3 páginas, 6200 caracteres totales
2026-04-21 17:47:04 | INFO     | audiobook_gen.pipeline | Extraídas 3 páginas
2026-04-21 17:47:04 | INFO     | audiobook_gen.text_cleaner | Iniciando limpieza de 3 páginas
2026-04-21 17:47:04 | INFO     | audiobook_gen.text_cleaner | Limpieza completada — 0 capítulos detectados, 6180 caracteres
2026-04-21 17:47:04 | INFO     | audiobook_gen.text_normalizer | Reglas cargadas — 30 abreviaturas, 20 símbolos, 16 siglas, 9 patrones
2026-04-21 17:47:04 | INFO     | audiobook_gen.pipeline | Texto normalizado: 6176 caracteres
2026-04-21 17:47:04 | INFO     | audiobook_gen.text_segmenter | Segmentación completada — 25 chunks, promedio 232 chars
2026-04-21 17:47:04 | INFO     | audiobook_gen.pipeline | Texto segmentado en 25 chunks
2026-04-21 17:47:04 | INFO     | audiobook_gen.tts_engine | Motor TTS: Edge-TTS (voces neuronales Microsoft)
2026-04-21 17:47:04 | INFO     | audiobook_gen.pipeline | Motor TTS: es-ES-ElviraNeural (España - Mujer (Elvira))
2026-04-21 17:47:29 | INFO     | audiobook_gen.audio_assembler | Ensamblando 25 fragmentos de audio...
2026-04-21 17:47:29 | ERROR    | audiobook_gen.audio_assembler | Error cargando fragmento C:\Users\EM2024~1\AppData\Local\Temp\audiobook_gen\chunk_00000.mp3: [WinError 2] El sistema no puede encontrar el archivo especificado
2026-04-21 17:47:29 | ERROR    | audiobook_gen.audio_assembler | Error cargando fragmento C:\Users\EM2024~1\AppData\Local\Temp\audiobook_gen\chunk_00001.mp3: [WinError 2] El sistema no puede encontrar el archivo especificado
2026-04-21 17:47:29 | ERROR    | audiobook_gen.audio_assembler | Error cargando fragmento C:\Users\EM2024~1\AppData\Local\Temp\audiobook_gen\chunk_00002.mp3: [WinError 2] El sistema no puede encontrar el archivo especificado
2026-04-21 17:47:29 | ERROR    | audiobook_gen.audio_assembler | Error cargando fragmento C:\Users\EM2024~1\AppData\Local\Temp\audiobook_gen\chunk_00003.mp3: [WinError 2] El sistema no puede encontrar el archivo especificado
2026-04-21 17:47:29 | ERROR    | audiobook_gen.audio_assembler | Error cargando fragmento C:\Users\EM2024~1\AppData\Local\Temp\audiobook_gen\chunk_00004.mp3: [WinError 2] El sistema no puede encontrar el archivo especificado
2026-04-21 17:47:29 | ERROR    | audiobook_gen.audio_assembler | Error cargando fragmento C:\Users\EM2024~1\AppData\Local\Temp\audiobook_gen\chunk_00005.mp3: [WinError 2] El sistema no puede encontrar el archivo especificado
2026-04-21 17:47:29 | ERROR    | audiobook_gen.audio_assembler | Error cargando fragmento C:\Users\EM2024~1\AppData\Local\Temp\audiobook_gen\chunk_00006.mp3: [WinError 2] El sistema no puede encontrar el archivo especificado
2026-04-21 17:47:29 | ERROR    | audiobook_gen.audio_assembler | Error cargando fragmento C:\Users\EM2024~1\AppData\Local\Temp\audiobook_gen\chunk_00007.mp3: [WinError 2] El sistema no puede encontrar el archivo especificado
2026-04-21 17:47:29 | ERROR    | audiobook_gen.audio_assembler | Error cargando fragmento C:\Users\EM2024~1\AppData\Local\Temp\audiobook_gen\chunk_00008.mp3: [WinError 2] El sistema no puede encontrar el archivo especificado
2026-04-21 17:47:29 | ERROR    | audiobook_gen.audio_assembler | Error cargando fragmento C:\Users\EM2024~1\AppData\Local\Temp\audiobook_gen\chunk_00009.mp3: [WinError 2] El sistema no puede encontrar el archivo especificado
2026-04-21 17:47:29 | ERROR    | audiobook_gen.audio_assembler | Error cargando fragmento C:\Users\EM2024~1\AppData\Local\Temp\audiobook_gen\chunk_00010.mp3: [WinError 2] El sistema no puede encontrar el archivo especificado
2026-04-21 17:47:29 | ERROR    | audiobook_gen.audio_assembler | Error cargando fragmento C:\Users\EM2024~1\AppData\Local\Temp\audiobook_gen\chunk_00011.mp3: [WinError 2] El sistema no puede encontrar el archivo especificado
2026-04-21 17:47:29 | ERROR    | audiobook_gen.audio_assembler | Error cargando fragmento C:\Users\EM2024~1\AppData\Local\Temp\audiobook_gen\chunk_00012.mp3: [WinError 2] El sistema no puede encontrar el archivo especificado
2026-04-21 17:47:29 | ERROR    | audiobook_gen.audio_assembler | Error cargando fragmento C:\Users\EM2024~1\AppData\Local\Temp\audiobook_gen\chunk_00013.mp3: [WinError 2] El sistema no puede encontrar el archivo especificado
2026-04-21 17:47:29 | ERROR    | audiobook_gen.audio_assembler | Error cargando fragmento C:\Users\EM2024~1\AppData\Local\Temp\audiobook_gen\chunk_00014.mp3: [WinError 2] El sistema no puede encontrar el archivo especificado
2026-04-21 17:47:29 | ERROR    | audiobook_gen.audio_assembler | Error cargando fragmento C:\Users\EM2024~1\AppData\Local\Temp\audiobook_gen\chunk_00015.mp3: [WinError 2] El sistema no puede encontrar el archivo especificado
2026-04-21 17:47:29 | ERROR    | audiobook_gen.audio_assembler | Error cargando fragmento C:\Users\EM2024~1\AppData\Local\Temp\audiobook_gen\chunk_00016.mp3: [WinError 2] El sistema no puede encontrar el archivo especificado
2026-04-21 17:47:29 | ERROR    | audiobook_gen.audio_assembler | Error cargando fragmento C:\Users\EM2024~1\AppData\Local\Temp\audiobook_gen\chunk_00017.mp3: [WinError 2] El sistema no puede encontrar el archivo especificado
2026-04-21 17:47:29 | ERROR    | audiobook_gen.audio_assembler | Error cargando fragmento C:\Users\EM2024~1\AppData\Local\Temp\audiobook_gen\chunk_00018.mp3: [WinError 2] El sistema no puede encontrar el archivo especificado
2026-04-21 17:47:29 | ERROR    | audiobook_gen.audio_assembler | Error cargando fragmento C:\Users\EM2024~1\AppData\Local\Temp\audiobook_gen\chunk_00019.mp3: [WinError 2] El sistema no puede encontrar el archivo especificado
2026-04-21 17:47:29 | ERROR    | audiobook_gen.audio_assembler | Error cargando fragmento C:\Users\EM2024~1\AppData\Local\Temp\audiobook_gen\chunk_00020.mp3: [WinError 2] El sistema no puede encontrar el archivo especificado
2026-04-21 17:47:29 | ERROR    | audiobook_gen.audio_assembler | Error cargando fragmento C:\Users\EM2024~1\AppData\Local\Temp\audiobook_gen\chunk_00021.mp3: [WinError 2] El sistema no puede encontrar el archivo especificado
2026-04-21 17:47:29 | ERROR    | audiobook_gen.audio_assembler | Error cargando fragmento C:\Users\EM2024~1\AppData\Local\Temp\audiobook_gen\chunk_00022.mp3: [WinError 2] El sistema no puede encontrar el archivo especificado
2026-04-21 17:47:29 | ERROR    | audiobook_gen.audio_assembler | Error cargando fragmento C:\Users\EM2024~1\AppData\Local\Temp\audiobook_gen\chunk_00023.mp3: [WinError 2] El sistema no puede encontrar el archivo especificado
2026-04-21 17:47:30 | ERROR    | audiobook_gen.audio_assembler | Error cargando fragmento C:\Users\EM2024~1\AppData\Local\Temp\audiobook_gen\chunk_00024.mp3: [WinError 2] El sistema no puede encontrar el archivo especificado
2026-04-21 17:47:30 | WARNING  | audiobook_gen.audio_assembler | Audio silencioso, no se puede normalizar
2026-04-21 17:47:30 | ERROR    | audiobook_gen.pipeline | Error en pipeline: [WinError 2] El sistema no puede encontrar el archivo especificado
Traceback (most recent call last):
  File "c:\Users\EM2024007301\Desktop\AudioBookGen\audiobook_gen\pipeline.py", line 203, in run
    assembler.assemble(temp_audio_files, chunks, output_path)
    ~~~~~~~~~~~~~~~~~~^^^^^^^^^^^^^^^^^^^^^^^^^^^^^^^^^^^^^^^
  File "c:\Users\EM2024007301\Desktop\AudioBookGen\audiobook_gen\core\audio_assembler.py", line 91, in assemble
    combined.export(
    ~~~~~~~~~~~~~~~^
        output_path,
        ^^^^^^^^^^^^
    ...<5 lines>...
        },
        ^^
    )
    ^
  File "C:\Users\EM2024007301\AppData\Local\Programs\Python\Python313\Lib\site-packages\pydub\audio_segment.py", line 963, in export
    p = subprocess.Popen(conversion_command, stdin=devnull, stdout=subprocess.PIPE, stderr=subprocess.PIPE)
  File "C:\Users\EM2024007301\AppData\Local\Programs\Python\Python313\Lib\subprocess.py", line 1036, in __init__
    self._execute_child(args, executable, preexec_fn, close_fds,
    ~~~~~~~~~~~~~~~~~~~^^^^^^^^^^^^^^^^^^^^^^^^^^^^^^^^^^^^^^^^^
                        pass_fds, cwd, env,
                        ^^^^^^^^^^^^^^^^^^^
    ...<5 lines>...
                        gid, gids, uid, umask,
                        ^^^^^^^^^^^^^^^^^^^^^^
                        start_new_session, process_group)
                        ^^^^^^^^^^^^^^^^^^^^^^^^^^^^^^^^^
  File "C:\Users\EM2024007301\AppData\Local\Programs\Python\Python313\Lib\subprocess.py", line 1548, in _execute_child
    hp, ht, pid, tid = _winapi.CreateProcess(executable, args,
                       ~~~~~~~~~~~~~~~~~~~~~^^^^^^^^^^^^^^^^^^
                             # no special security
                             ^^^^^^^^^^^^^^^^^^^^^
    ...<4 lines>...
                             cwd,
                             ^^^^
                             startupinfo)
                             ^^^^^^^^^^^^
FileNotFoundError: [WinError 2] El sistema no puede encontrar el archivo especificado
2026-04-21 18:01:42 | INFO     | audiobook_gen.pdf_extractor | Abriendo PDF: frases filosofia china.pdf
2026-04-21 18:01:42 | INFO     | audiobook_gen.pdf_extractor | PDF abierto — Páginas: 3, Título: frases filosofia china, Autor: (sin autor)
2026-04-21 18:01:42 | INFO     | audiobook_gen.pdf_extractor | Extracción completada — 3 páginas, 6200 caracteres totales
2026-04-21 18:01:42 | INFO     | audiobook_gen.pipeline | Extraídas 3 páginas
2026-04-21 18:01:42 | INFO     | audiobook_gen.text_cleaner | Iniciando limpieza de 3 páginas
2026-04-21 18:01:42 | INFO     | audiobook_gen.text_cleaner | Limpieza completada — 0 capítulos detectados, 6180 caracteres
2026-04-21 18:01:42 | INFO     | audiobook_gen.text_normalizer | Reglas cargadas — 30 abreviaturas, 20 símbolos, 16 siglas, 9 patrones
2026-04-21 18:01:42 | INFO     | audiobook_gen.pipeline | Texto normalizado: 6176 caracteres
2026-04-21 18:01:42 | INFO     | audiobook_gen.text_segmenter | Segmentación completada — 25 chunks, promedio 232 chars
2026-04-21 18:01:42 | INFO     | audiobook_gen.pipeline | Texto segmentado en 25 chunks
2026-04-21 18:01:45 | INFO     | audiobook_gen.tts_engine | Motor TTS: Edge-TTS (voces neuronales Microsoft)
2026-04-21 18:01:45 | INFO     | audiobook_gen.pipeline | Motor TTS: es-ES-AlvaroNeural (España - Hombre (Álvaro))
2026-04-21 18:01:45 | ERROR    | audiobook_gen.tts_engine | Error en síntesis (intento 1/3): There is no current event loop in thread 'Dummy-1'.
2026-04-21 18:01:45 | ERROR    | audiobook_gen.tts_engine | Error en síntesis (intento 2/3): There is no current event loop in thread 'Dummy-1'.
2026-04-21 18:01:45 | ERROR    | audiobook_gen.tts_engine | Error en síntesis (intento 3/3): There is no current event loop in thread 'Dummy-1'.
2026-04-21 18:01:45 | ERROR    | audiobook_gen.pipeline | Error en pipeline: There is no current event loop in thread 'Dummy-1'.
Traceback (most recent call last):
  File "c:\Users\EM2024007301\Desktop\AudioBookGen\audiobook_gen\pipeline.py", line 187, in run
    tts_engine.synthesize(chunk, chunk_file)
    ~~~~~~~~~~~~~~~~~~~~~^^^^^^^^^^^^^^^^^^^
  File "c:\Users\EM2024007301\Desktop\AudioBookGen\audiobook_gen\core\tts_engine.py", line 112, in synthesize
    loop = asyncio.get_event_loop()
  File "C:\Users\EM2024007301\AppData\Local\Programs\Python\Python313\Lib\asyncio\events.py", line 716, in get_event_loop
    raise RuntimeError('There is no current event loop in thread %r.'
                       % threading.current_thread().name)
RuntimeError: There is no current event loop in thread 'Dummy-1'.
2026-04-21 18:12:48 | INFO     | audiobook_gen.pdf_extractor | Abriendo PDF: frases filosofia china.pdf
2026-04-21 18:12:48 | INFO     | audiobook_gen.pdf_extractor | PDF abierto — Páginas: 3, Título: frases filosofia china, Autor: (sin autor)
2026-04-21 18:12:49 | INFO     | audiobook_gen.pdf_extractor | Extracción completada — 3 páginas, 6200 caracteres totales
2026-04-21 18:12:49 | INFO     | audiobook_gen.pipeline | Extraídas 3 páginas
2026-04-21 18:12:49 | INFO     | audiobook_gen.text_cleaner | Iniciando limpieza de 3 páginas
2026-04-21 18:12:49 | INFO     | audiobook_gen.text_cleaner | Limpieza completada — 0 capítulos detectados, 6180 caracteres
2026-04-21 18:12:49 | INFO     | audiobook_gen.text_normalizer | Reglas cargadas — 30 abreviaturas, 20 símbolos, 16 siglas, 9 patrones
2026-04-21 18:12:49 | INFO     | audiobook_gen.pipeline | Texto normalizado: 6176 caracteres
2026-04-21 18:12:49 | INFO     | audiobook_gen.text_segmenter | Segmentación completada — 25 chunks, promedio 232 chars
2026-04-21 18:12:49 | INFO     | audiobook_gen.pipeline | Texto segmentado en 25 chunks
2026-04-21 18:12:50 | INFO     | audiobook_gen.tts_engine | Motor TTS: Edge-TTS (voces neuronales Microsoft)
2026-04-21 18:12:50 | INFO     | audiobook_gen.pipeline | Motor TTS: es-ES-AlvaroNeural (España - Hombre (Álvaro))
2026-04-21 18:13:50 | INFO     | audiobook_gen.audio_assembler | Ensamblando 25 fragmentos de audio...
2026-04-21 18:13:50 | ERROR    | audiobook_gen.audio_assembler | Error cargando fragmento C:\Users\EM2024~1\AppData\Local\Temp\audiobook_gen\chunk_00000.mp3: [WinError 2] El sistema no puede encontrar el archivo especificado
2026-04-21 18:13:50 | ERROR    | audiobook_gen.audio_assembler | Error cargando fragmento C:\Users\EM2024~1\AppData\Local\Temp\audiobook_gen\chunk_00001.mp3: [WinError 2] El sistema no puede encontrar el archivo especificado
2026-04-21 18:13:50 | ERROR    | audiobook_gen.audio_assembler | Error cargando fragmento C:\Users\EM2024~1\AppData\Local\Temp\audiobook_gen\chunk_00002.mp3: [WinError 2] El sistema no puede encontrar el archivo especificado
2026-04-21 18:13:50 | ERROR    | audiobook_gen.audio_assembler | Error cargando fragmento C:\Users\EM2024~1\AppData\Local\Temp\audiobook_gen\chunk_00003.mp3: [WinError 2] El sistema no puede encontrar el archivo especificado
2026-04-21 18:13:50 | ERROR    | audiobook_gen.audio_assembler | Error cargando fragmento C:\Users\EM2024~1\AppData\Local\Temp\audiobook_gen\chunk_00004.mp3: [WinError 2] El sistema no puede encontrar el archivo especificado
2026-04-21 18:13:50 | ERROR    | audiobook_gen.audio_assembler | Error cargando fragmento C:\Users\EM2024~1\AppData\Local\Temp\audiobook_gen\chunk_00005.mp3: [WinError 2] El sistema no puede encontrar el archivo especificado
2026-04-21 18:13:50 | ERROR    | audiobook_gen.audio_assembler | Error cargando fragmento C:\Users\EM2024~1\AppData\Local\Temp\audiobook_gen\chunk_00006.mp3: [WinError 2] El sistema no puede encontrar el archivo especificado
2026-04-21 18:13:50 | ERROR    | audiobook_gen.audio_assembler | Error cargando fragmento C:\Users\EM2024~1\AppData\Local\Temp\audiobook_gen\chunk_00007.mp3: [WinError 2] El sistema no puede encontrar el archivo especificado
2026-04-21 18:13:50 | ERROR    | audiobook_gen.audio_assembler | Error cargando fragmento C:\Users\EM2024~1\AppData\Local\Temp\audiobook_gen\chunk_00008.mp3: [WinError 2] El sistema no puede encontrar el archivo especificado
2026-04-21 18:13:50 | ERROR    | audiobook_gen.audio_assembler | Error cargando fragmento C:\Users\EM2024~1\AppData\Local\Temp\audiobook_gen\chunk_00009.mp3: [WinError 2] El sistema no puede encontrar el archivo especificado
2026-04-21 18:13:50 | ERROR    | audiobook_gen.audio_assembler | Error cargando fragmento C:\Users\EM2024~1\AppData\Local\Temp\audiobook_gen\chunk_00010.mp3: [WinError 2] El sistema no puede encontrar el archivo especificado
2026-04-21 18:13:50 | ERROR    | audiobook_gen.audio_assembler | Error cargando fragmento C:\Users\EM2024~1\AppData\Local\Temp\audiobook_gen\chunk_00011.mp3: [WinError 2] El sistema no puede encontrar el archivo especificado
2026-04-21 18:13:50 | ERROR    | audiobook_gen.audio_assembler | Error cargando fragmento C:\Users\EM2024~1\AppData\Local\Temp\audiobook_gen\chunk_00012.mp3: [WinError 2] El sistema no puede encontrar el archivo especificado
2026-04-21 18:13:50 | ERROR    | audiobook_gen.audio_assembler | Error cargando fragmento C:\Users\EM2024~1\AppData\Local\Temp\audiobook_gen\chunk_00013.mp3: [WinError 2] El sistema no puede encontrar el archivo especificado
2026-04-21 18:13:50 | ERROR    | audiobook_gen.audio_assembler | Error cargando fragmento C:\Users\EM2024~1\AppData\Local\Temp\audiobook_gen\chunk_00014.mp3: [WinError 2] El sistema no puede encontrar el archivo especificado
2026-04-21 18:13:50 | ERROR    | audiobook_gen.audio_assembler | Error cargando fragmento C:\Users\EM2024~1\AppData\Local\Temp\audiobook_gen\chunk_00015.mp3: [WinError 2] El sistema no puede encontrar el archivo especificado
2026-04-21 18:13:50 | ERROR    | audiobook_gen.audio_assembler | Error cargando fragmento C:\Users\EM2024~1\AppData\Local\Temp\audiobook_gen\chunk_00016.mp3: [WinError 2] El sistema no puede encontrar el archivo especificado
2026-04-21 18:13:50 | ERROR    | audiobook_gen.audio_assembler | Error cargando fragmento C:\Users\EM2024~1\AppData\Local\Temp\audiobook_gen\chunk_00017.mp3: [WinError 2] El sistema no puede encontrar el archivo especificado
2026-04-21 18:13:50 | ERROR    | audiobook_gen.audio_assembler | Error cargando fragmento C:\Users\EM2024~1\AppData\Local\Temp\audiobook_gen\chunk_00018.mp3: [WinError 2] El sistema no puede encontrar el archivo especificado
2026-04-21 18:13:50 | ERROR    | audiobook_gen.audio_assembler | Error cargando fragmento C:\Users\EM2024~1\AppData\Local\Temp\audiobook_gen\chunk_00019.mp3: [WinError 2] El sistema no puede encontrar el archivo especificado
2026-04-21 18:13:50 | ERROR    | audiobook_gen.audio_assembler | Error cargando fragmento C:\Users\EM2024~1\AppData\Local\Temp\audiobook_gen\chunk_00020.mp3: [WinError 2] El sistema no puede encontrar el archivo especificado
2026-04-21 18:13:50 | ERROR    | audiobook_gen.audio_assembler | Error cargando fragmento C:\Users\EM2024~1\AppData\Local\Temp\audiobook_gen\chunk_00021.mp3: [WinError 2] El sistema no puede encontrar el archivo especificado
2026-04-21 18:13:51 | ERROR    | audiobook_gen.audio_assembler | Error cargando fragmento C:\Users\EM2024~1\AppData\Local\Temp\audiobook_gen\chunk_00022.mp3: [WinError 2] El sistema no puede encontrar el archivo especificado
2026-04-21 18:13:51 | ERROR    | audiobook_gen.audio_assembler | Error cargando fragmento C:\Users\EM2024~1\AppData\Local\Temp\audiobook_gen\chunk_00023.mp3: [WinError 2] El sistema no puede encontrar el archivo especificado
2026-04-21 18:13:51 | ERROR    | audiobook_gen.audio_assembler | Error cargando fragmento C:\Users\EM2024~1\AppData\Local\Temp\audiobook_gen\chunk_00024.mp3: [WinError 2] El sistema no puede encontrar el archivo especificado
2026-04-21 18:13:51 | WARNING  | audiobook_gen.audio_assembler | Audio silencioso, no se puede normalizar
2026-04-21 18:13:51 | INFO     | audiobook_gen.audio_assembler | MP3 exportado: C:\Users\EM2024~1\AppData\Local\Temp\audiobook_gen\frases filosofia china_audiobook.mp3 — Duración: 0.4 min, Tamaño: 0.2 MB
2026-04-21 18:13:51 | INFO     | audiobook_gen.pipeline | Pipeline completado en 62.1 seg — 25 chunks, 6176 chars, 0 capítulos
2026-04-21 18:15:55 | INFO     | audiobook_gen.pdf_extractor | Abriendo PDF: frases filosofia china.pdf
2026-04-21 18:15:55 | INFO     | audiobook_gen.pdf_extractor | PDF abierto — Páginas: 3, Título: frases filosofia china, Autor: (sin autor)
2026-04-21 18:15:55 | INFO     | audiobook_gen.pdf_extractor | Extracción completada — 3 páginas, 6200 caracteres totales
2026-04-21 18:15:55 | INFO     | audiobook_gen.pipeline | Extraídas 3 páginas
2026-04-21 18:15:55 | INFO     | audiobook_gen.text_cleaner | Iniciando limpieza de 3 páginas
2026-04-21 18:15:55 | INFO     | audiobook_gen.text_cleaner | Limpieza completada — 0 capítulos detectados, 6180 caracteres
2026-04-21 18:15:55 | INFO     | audiobook_gen.text_normalizer | Reglas cargadas — 30 abreviaturas, 20 símbolos, 16 siglas, 9 patrones
2026-04-21 18:15:55 | INFO     | audiobook_gen.pipeline | Texto normalizado: 6176 caracteres
2026-04-21 18:15:55 | INFO     | audiobook_gen.text_segmenter | Segmentación completada — 25 chunks, promedio 232 chars
2026-04-21 18:15:55 | INFO     | audiobook_gen.pipeline | Texto segmentado en 25 chunks
2026-04-21 18:15:55 | INFO     | audiobook_gen.tts_engine | Motor TTS: Edge-TTS (voces neuronales Microsoft)
2026-04-21 18:15:55 | INFO     | audiobook_gen.pipeline | Motor TTS: es-MX-DaliaNeural (México - Mujer (Dalia))
2026-04-21 18:16:42 | INFO     | audiobook_gen.audio_assembler | Ensamblando 25 fragmentos de audio...
2026-04-21 18:16:42 | ERROR    | audiobook_gen.audio_assembler | Error cargando fragmento C:\Users\EM2024~1\AppData\Local\Temp\audiobook_gen\chunk_00000.mp3: [WinError 2] El sistema no puede encontrar el archivo especificado
2026-04-21 18:16:42 | ERROR    | audiobook_gen.audio_assembler | Error cargando fragmento C:\Users\EM2024~1\AppData\Local\Temp\audiobook_gen\chunk_00001.mp3: [WinError 2] El sistema no puede encontrar el archivo especificado
2026-04-21 18:16:42 | ERROR    | audiobook_gen.audio_assembler | Error cargando fragmento C:\Users\EM2024~1\AppData\Local\Temp\audiobook_gen\chunk_00002.mp3: [WinError 2] El sistema no puede encontrar el archivo especificado
2026-04-21 18:16:42 | ERROR    | audiobook_gen.audio_assembler | Error cargando fragmento C:\Users\EM2024~1\AppData\Local\Temp\audiobook_gen\chunk_00003.mp3: [WinError 2] El sistema no puede encontrar el archivo especificado
2026-04-21 18:16:42 | ERROR    | audiobook_gen.audio_assembler | Error cargando fragmento C:\Users\EM2024~1\AppData\Local\Temp\audiobook_gen\chunk_00004.mp3: [WinError 2] El sistema no puede encontrar el archivo especificado
2026-04-21 18:16:42 | ERROR    | audiobook_gen.audio_assembler | Error cargando fragmento C:\Users\EM2024~1\AppData\Local\Temp\audiobook_gen\chunk_00005.mp3: [WinError 2] El sistema no puede encontrar el archivo especificado
2026-04-21 18:16:42 | ERROR    | audiobook_gen.audio_assembler | Error cargando fragmento C:\Users\EM2024~1\AppData\Local\Temp\audiobook_gen\chunk_00006.mp3: [WinError 2] El sistema no puede encontrar el archivo especificado
2026-04-21 18:16:42 | ERROR    | audiobook_gen.audio_assembler | Error cargando fragmento C:\Users\EM2024~1\AppData\Local\Temp\audiobook_gen\chunk_00007.mp3: [WinError 2] El sistema no puede encontrar el archivo especificado
2026-04-21 18:16:42 | ERROR    | audiobook_gen.audio_assembler | Error cargando fragmento C:\Users\EM2024~1\AppData\Local\Temp\audiobook_gen\chunk_00008.mp3: [WinError 2] El sistema no puede encontrar el archivo especificado
2026-04-21 18:16:42 | ERROR    | audiobook_gen.audio_assembler | Error cargando fragmento C:\Users\EM2024~1\AppData\Local\Temp\audiobook_gen\chunk_00009.mp3: [WinError 2] El sistema no puede encontrar el archivo especificado
2026-04-21 18:16:42 | ERROR    | audiobook_gen.audio_assembler | Error cargando fragmento C:\Users\EM2024~1\AppData\Local\Temp\audiobook_gen\chunk_00010.mp3: [WinError 2] El sistema no puede encontrar el archivo especificado
2026-04-21 18:16:42 | ERROR    | audiobook_gen.audio_assembler | Error cargando fragmento C:\Users\EM2024~1\AppData\Local\Temp\audiobook_gen\chunk_00011.mp3: [WinError 2] El sistema no puede encontrar el archivo especificado
2026-04-21 18:16:42 | ERROR    | audiobook_gen.audio_assembler | Error cargando fragmento C:\Users\EM2024~1\AppData\Local\Temp\audiobook_gen\chunk_00012.mp3: [WinError 2] El sistema no puede encontrar el archivo especificado
2026-04-21 18:16:42 | ERROR    | audiobook_gen.audio_assembler | Error cargando fragmento C:\Users\EM2024~1\AppData\Local\Temp\audiobook_gen\chunk_00013.mp3: [WinError 2] El sistema no puede encontrar el archivo especificado
2026-04-21 18:16:42 | ERROR    | audiobook_gen.audio_assembler | Error cargando fragmento C:\Users\EM2024~1\AppData\Local\Temp\audiobook_gen\chunk_00014.mp3: [WinError 2] El sistema no puede encontrar el archivo especificado
2026-04-21 18:16:42 | ERROR    | audiobook_gen.audio_assembler | Error cargando fragmento C:\Users\EM2024~1\AppData\Local\Temp\audiobook_gen\chunk_00015.mp3: [WinError 2] El sistema no puede encontrar el archivo especificado
2026-04-21 18:16:42 | ERROR    | audiobook_gen.audio_assembler | Error cargando fragmento C:\Users\EM2024~1\AppData\Local\Temp\audiobook_gen\chunk_00016.mp3: [WinError 2] El sistema no puede encontrar el archivo especificado
2026-04-21 18:16:42 | ERROR    | audiobook_gen.audio_assembler | Error cargando fragmento C:\Users\EM2024~1\AppData\Local\Temp\audiobook_gen\chunk_00017.mp3: [WinError 2] El sistema no puede encontrar el archivo especificado
2026-04-21 18:16:42 | ERROR    | audiobook_gen.audio_assembler | Error cargando fragmento C:\Users\EM2024~1\AppData\Local\Temp\audiobook_gen\chunk_00018.mp3: [WinError 2] El sistema no puede encontrar el archivo especificado
2026-04-21 18:16:42 | ERROR    | audiobook_gen.audio_assembler | Error cargando fragmento C:\Users\EM2024~1\AppData\Local\Temp\audiobook_gen\chunk_00019.mp3: [WinError 2] El sistema no puede encontrar el archivo especificado
2026-04-21 18:16:42 | ERROR    | audiobook_gen.audio_assembler | Error cargando fragmento C:\Users\EM2024~1\AppData\Local\Temp\audiobook_gen\chunk_00020.mp3: [WinError 2] El sistema no puede encontrar el archivo especificado
2026-04-21 18:16:42 | ERROR    | audiobook_gen.audio_assembler | Error cargando fragmento C:\Users\EM2024~1\AppData\Local\Temp\audiobook_gen\chunk_00021.mp3: [WinError 2] El sistema no puede encontrar el archivo especificado
2026-04-21 18:16:42 | ERROR    | audiobook_gen.audio_assembler | Error cargando fragmento C:\Users\EM2024~1\AppData\Local\Temp\audiobook_gen\chunk_00022.mp3: [WinError 2] El sistema no puede encontrar el archivo especificado
2026-04-21 18:16:42 | ERROR    | audiobook_gen.audio_assembler | Error cargando fragmento C:\Users\EM2024~1\AppData\Local\Temp\audiobook_gen\chunk_00023.mp3: [WinError 2] El sistema no puede encontrar el archivo especificado
2026-04-21 18:16:42 | ERROR    | audiobook_gen.audio_assembler | Error cargando fragmento C:\Users\EM2024~1\AppData\Local\Temp\audiobook_gen\chunk_00024.mp3: [WinError 2] El sistema no puede encontrar el archivo especificado
2026-04-21 18:16:42 | WARNING  | audiobook_gen.audio_assembler | Audio silencioso, no se puede normalizar
2026-04-21 18:16:42 | INFO     | audiobook_gen.audio_assembler | MP3 exportado: C:\Users\EM2024~1\AppData\Local\Temp\audiobook_gen\frases filosofia china_audiobook.mp3 — Duración: 0.4 min, Tamaño: 0.2 MB
2026-04-21 18:16:42 | INFO     | audiobook_gen.pipeline | Pipeline completado en 47.4 seg — 25 chunks, 6176 chars, 0 capítulos
2026-04-21 18:27:01 | INFO     | audiobook_gen.pdf_extractor | Abriendo PDF: frases filosofia china.pdf
2026-04-21 18:27:01 | INFO     | audiobook_gen.pdf_extractor | PDF abierto — Páginas: 3, Título: frases filosofia china, Autor: (sin autor)
2026-04-21 18:27:01 | INFO     | audiobook_gen.pdf_extractor | Extracción completada — 3 páginas, 6200 caracteres totales
2026-04-21 18:27:01 | INFO     | audiobook_gen.pipeline | Extraídas 3 páginas
2026-04-21 18:27:01 | INFO     | audiobook_gen.text_cleaner | Iniciando limpieza de 3 páginas
2026-04-21 18:27:01 | INFO     | audiobook_gen.text_cleaner | Limpieza completada — 0 capítulos detectados, 6180 caracteres
2026-04-21 18:27:01 | INFO     | audiobook_gen.text_normalizer | Reglas cargadas — 30 abreviaturas, 20 símbolos, 16 siglas, 9 patrones
2026-04-21 18:27:01 | INFO     | audiobook_gen.pipeline | Texto normalizado: 6176 caracteres
2026-04-21 18:27:01 | INFO     | audiobook_gen.text_segmenter | Segmentación completada — 25 chunks, promedio 232 chars
2026-04-21 18:27:01 | INFO     | audiobook_gen.pipeline | Texto segmentado en 25 chunks
2026-04-21 18:27:02 | INFO     | audiobook_gen.tts_engine | Motor TTS: Edge-TTS (voces neuronales Microsoft)
2026-04-21 18:27:02 | INFO     | audiobook_gen.pipeline | Motor TTS: es-ES-AlvaroNeural (España - Hombre (Álvaro))
2026-04-21 18:27:16 | INFO     | audiobook_gen.audio_assembler | Ensamblando 25 fragmentos de audio...
2026-04-21 18:27:16 | ERROR    | audiobook_gen.audio_assembler | Error crítico cargando fragmento C:\Users\EM2024~1\AppData\Local\Temp\audiobook_gen\chunk_00000.mp3: [WinError 2] El sistema no puede encontrar el archivo especificado
2026-04-21 18:27:16 | ERROR    | audiobook_gen.audio_assembler | Esto suele indicar que FFmpeg no está instalado o no funciona correctamente.
2026-04-21 18:27:16 | ERROR    | audiobook_gen.pipeline | Error en pipeline: Fallo al procesar fragmento de audio C:\Users\EM2024~1\AppData\Local\Temp\audiobook_gen\chunk_00000.mp3: [WinError 2] El sistema no puede encontrar el archivo especificado
Traceback (most recent call last):
  File "c:\Users\EM2024007301\Desktop\AudioBookGen\audiobook_gen\core\audio_assembler.py", line 59, in assemble
    segment = AudioSegment.from_mp3(audio_path)
  File "C:\Users\EM2024007301\AppData\Local\Programs\Python\Python313\Lib\site-packages\pydub\audio_segment.py", line 796, in from_mp3
    return cls.from_file(file, 'mp3', parameters=parameters)
           ~~~~~~~~~~~~~^^^^^^^^^^^^^^^^^^^^^^^^^^^^^^^^^^^^
  File "C:\Users\EM2024007301\AppData\Local\Programs\Python\Python313\Lib\site-packages\pydub\audio_segment.py", line 728, in from_file
    info = mediainfo_json(orig_file, read_ahead_limit=read_ahead_limit)
  File "C:\Users\EM2024007301\AppData\Local\Programs\Python\Python313\Lib\site-packages\pydub\utils.py", line 274, in mediainfo_json
    res = Popen(command, stdin=stdin_parameter, stdout=PIPE, stderr=PIPE)
  File "C:\Users\EM2024007301\AppData\Local\Programs\Python\Python313\Lib\subprocess.py", line 1036, in __init__
    self._execute_child(args, executable, preexec_fn, close_fds,
    ~~~~~~~~~~~~~~~~~~~^^^^^^^^^^^^^^^^^^^^^^^^^^^^^^^^^^^^^^^^^
                        pass_fds, cwd, env,
                        ^^^^^^^^^^^^^^^^^^^
    ...<5 lines>...
                        gid, gids, uid, umask,
                        ^^^^^^^^^^^^^^^^^^^^^^
                        start_new_session, process_group)
                        ^^^^^^^^^^^^^^^^^^^^^^^^^^^^^^^^^
  File "C:\Users\EM2024007301\AppData\Local\Programs\Python\Python313\Lib\subprocess.py", line 1548, in _execute_child
    hp, ht, pid, tid = _winapi.CreateProcess(executable, args,
                       ~~~~~~~~~~~~~~~~~~~~~^^^^^^^^^^^^^^^^^^
                             # no special security
                             ^^^^^^^^^^^^^^^^^^^^^
    ...<4 lines>...
                             cwd,
                             ^^^^
                             startupinfo)
                             ^^^^^^^^^^^^
FileNotFoundError: [WinError 2] El sistema no puede encontrar el archivo especificado

The above exception was the direct cause of the following exception:

Traceback (most recent call last):
  File "c:\Users\EM2024007301\Desktop\AudioBookGen\audiobook_gen\pipeline.py", line 203, in run
    assembler.assemble(temp_audio_files, chunks, output_path)
    ~~~~~~~~~~~~~~~~~~^^^^^^^^^^^^^^^^^^^^^^^^^^^^^^^^^^^^^^^
  File "c:\Users\EM2024007301\Desktop\AudioBookGen\audiobook_gen\core\audio_assembler.py", line 79, in assemble
    raise RuntimeError(f"Fallo al procesar fragmento de audio {audio_path}: {e}") from e
RuntimeError: Fallo al procesar fragmento de audio C:\Users\EM2024~1\AppData\Local\Temp\audiobook_gen\chunk_00000.mp3: [WinError 2] El sistema no puede encontrar el archivo especificado
2026-04-22 17:37:02 | INFO     | audiobook_gen.pdf_extractor | Abriendo PDF: frases filosofia china.pdf
2026-04-22 17:37:02 | INFO     | audiobook_gen.pdf_extractor | PDF abierto — Páginas: 3, Título: frases filosofia china, Autor: (sin autor)
2026-04-22 17:37:02 | INFO     | audiobook_gen.pdf_extractor | Extracción completada — 3 páginas, 6200 caracteres totales
2026-04-22 17:37:02 | INFO     | audiobook_gen.pipeline | Extraídas 3 páginas
2026-04-22 17:37:02 | INFO     | audiobook_gen.text_cleaner | Iniciando limpieza de 3 páginas
2026-04-22 17:37:02 | INFO     | audiobook_gen.text_cleaner | Limpieza completada — 0 capítulos detectados, 6180 caracteres
2026-04-22 17:37:02 | INFO     | audiobook_gen.text_normalizer | Reglas cargadas — 30 abreviaturas, 20 símbolos, 16 siglas, 9 patrones
2026-04-22 17:37:02 | INFO     | audiobook_gen.pipeline | Texto normalizado: 6176 caracteres
2026-04-22 17:37:02 | INFO     | audiobook_gen.text_segmenter | Segmentación completada — 25 chunks, promedio 232 chars
2026-04-22 17:37:02 | INFO     | audiobook_gen.pipeline | Texto segmentado en 25 chunks
2026-04-22 17:37:04 | INFO     | audiobook_gen.tts_engine | Motor TTS: Edge-TTS (voces neuronales Microsoft)
2026-04-22 17:37:04 | INFO     | audiobook_gen.pipeline | Motor TTS: es-ES-AlvaroNeural (España - Hombre (Álvaro))
2026-04-22 17:38:08 | INFO     | audiobook_gen.audio_assembler | Ensamblando 25 fragmentos de audio...
2026-04-22 17:38:08 | ERROR    | audiobook_gen.audio_assembler | Error crítico cargando fragmento C:\Users\EM2024~1\AppData\Local\Temp\audiobook_gen\chunk_00000.mp3: [WinError 2] El sistema no puede encontrar el archivo especificado
2026-04-22 17:38:08 | ERROR    | audiobook_gen.audio_assembler | Esto suele indicar que FFmpeg no está instalado o no funciona correctamente.
2026-04-22 17:38:08 | ERROR    | audiobook_gen.pipeline | Error en pipeline: Fallo al procesar fragmento de audio C:\Users\EM2024~1\AppData\Local\Temp\audiobook_gen\chunk_00000.mp3: [WinError 2] El sistema no puede encontrar el archivo especificado
Traceback (most recent call last):
  File "c:\Users\EM2024007301\Desktop\AudioBookGen\audiobook_gen\core\audio_assembler.py", line 59, in assemble
    segment = AudioSegment.from_mp3(audio_path)
  File "C:\Users\EM2024007301\AppData\Local\Programs\Python\Python313\Lib\site-packages\pydub\audio_segment.py", line 796, in from_mp3
    return cls.from_file(file, 'mp3', parameters=parameters)
           ~~~~~~~~~~~~~^^^^^^^^^^^^^^^^^^^^^^^^^^^^^^^^^^^^
  File "C:\Users\EM2024007301\AppData\Local\Programs\Python\Python313\Lib\site-packages\pydub\audio_segment.py", line 728, in from_file
    info = mediainfo_json(orig_file, read_ahead_limit=read_ahead_limit)
  File "C:\Users\EM2024007301\AppData\Local\Programs\Python\Python313\Lib\site-packages\pydub\utils.py", line 274, in mediainfo_json
    res = Popen(command, stdin=stdin_parameter, stdout=PIPE, stderr=PIPE)
  File "C:\Users\EM2024007301\AppData\Local\Programs\Python\Python313\Lib\subprocess.py", line 1036, in __init__
    self._execute_child(args, executable, preexec_fn, close_fds,
    ~~~~~~~~~~~~~~~~~~~^^^^^^^^^^^^^^^^^^^^^^^^^^^^^^^^^^^^^^^^^
                        pass_fds, cwd, env,
                        ^^^^^^^^^^^^^^^^^^^
    ...<5 lines>...
                        gid, gids, uid, umask,
                        ^^^^^^^^^^^^^^^^^^^^^^
                        start_new_session, process_group)
                        ^^^^^^^^^^^^^^^^^^^^^^^^^^^^^^^^^
  File "C:\Users\EM2024007301\AppData\Local\Programs\Python\Python313\Lib\subprocess.py", line 1548, in _execute_child
    hp, ht, pid, tid = _winapi.CreateProcess(executable, args,
                       ~~~~~~~~~~~~~~~~~~~~~^^^^^^^^^^^^^^^^^^
                             # no special security
                             ^^^^^^^^^^^^^^^^^^^^^
    ...<4 lines>...
                             cwd,
                             ^^^^
                             startupinfo)
                             ^^^^^^^^^^^^
FileNotFoundError: [WinError 2] El sistema no puede encontrar el archivo especificado

The above exception was the direct cause of the following exception:

Traceback (most recent call last):
  File "c:\Users\EM2024007301\Desktop\AudioBookGen\audiobook_gen\pipeline.py", line 203, in run
    assembler.assemble(temp_audio_files, chunks, output_path)
    ~~~~~~~~~~~~~~~~~~^^^^^^^^^^^^^^^^^^^^^^^^^^^^^^^^^^^^^^^
  File "c:\Users\EM2024007301\Desktop\AudioBookGen\audiobook_gen\core\audio_assembler.py", line 79, in assemble
    raise RuntimeError(f"Fallo al procesar fragmento de audio {audio_path}: {e}") from e
RuntimeError: Fallo al procesar fragmento de audio C:\Users\EM2024~1\AppData\Local\Temp\audiobook_gen\chunk_00000.mp3: [WinError 2] El sistema no puede encontrar el archivo especificado
2026-04-23 17:06:40 | INFO     | audiobook_gen.pdf_extractor | Abriendo PDF: frases filosofia china.pdf
2026-04-23 17:06:40 | INFO     | audiobook_gen.pdf_extractor | PDF abierto — Páginas: 3, Título: frases filosofia china, Autor: (sin autor)
2026-04-23 17:06:40 | INFO     | audiobook_gen.pdf_extractor | Extracción completada — 3 páginas, 6200 caracteres totales
2026-04-23 17:06:40 | INFO     | audiobook_gen.pipeline | Extraídas 3 páginas
2026-04-23 17:06:40 | INFO     | audiobook_gen.text_cleaner | Iniciando limpieza de 3 páginas
2026-04-23 17:06:40 | INFO     | audiobook_gen.text_cleaner | Limpieza completada — 0 capítulos detectados, 6180 caracteres
2026-04-23 17:06:40 | INFO     | audiobook_gen.text_normalizer | Reglas cargadas — 30 abreviaturas, 20 símbolos, 16 siglas, 9 patrones
2026-04-23 17:06:40 | INFO     | audiobook_gen.pipeline | Texto normalizado: 6176 caracteres
2026-04-23 17:06:40 | INFO     | audiobook_gen.text_segmenter | Segmentación completada — 25 chunks, promedio 232 chars
2026-04-23 17:06:40 | INFO     | audiobook_gen.pipeline | Texto segmentado en 25 chunks
2026-04-23 17:06:42 | INFO     | audiobook_gen.tts_engine | Motor TTS: Edge-TTS (voces neuronales Microsoft)
2026-04-23 17:06:42 | INFO     | audiobook_gen.pipeline | Motor TTS: es-ES-AlvaroNeural (España - Hombre (Álvaro))
2026-04-23 17:06:57 | INFO     | audiobook_gen.audio_assembler | Ensamblando 25 fragmentos de audio...
2026-04-23 17:07:02 | INFO     | audiobook_gen.audio_assembler | MP3 exportado: C:\Users\EM2024~1\AppData\Local\Temp\audiobook_gen\frases filosofia china_audiobook.mp3 — Duración: 7.9 min, Tamaño: 9.0 MB
2026-04-23 17:07:02 | INFO     | audiobook_gen.pipeline | Pipeline completado en 22.2 seg — 25 chunks, 6176 chars, 0 capítulos
2026-04-23 17:09:01 | INFO     | audiobook_gen.pdf_extractor | Abriendo PDF: LIBRO_CarnegieDale_ Cómo ganar amigos e influir en las personas.pdf
2026-04-23 17:09:01 | INFO     | audiobook_gen.pdf_extractor | PDF abierto — Páginas: 95, Título: LIBRO Carnegie Dale Cómo Ganar Amigos E Influir En Las Personas, Autor: (sin autor)
2026-04-23 17:09:01 | INFO     | audiobook_gen.pdf_extractor | Extracción completada — 95 páginas, 471189 caracteres totales
2026-04-23 17:09:01 | INFO     | audiobook_gen.pipeline | Extraídas 95 páginas
2026-04-23 17:09:01 | INFO     | audiobook_gen.text_cleaner | Iniciando limpieza de 95 páginas
2026-04-23 17:09:01 | INFO     | audiobook_gen.text_cleaner | Limpieza completada — 16 capítulos detectados, 470737 caracteres
2026-04-23 17:09:01 | INFO     | audiobook_gen.text_normalizer | Reglas cargadas — 30 abreviaturas, 20 símbolos, 16 siglas, 9 patrones
2026-04-23 17:09:02 | INFO     | audiobook_gen.pipeline | Texto normalizado: 470002 caracteres
2026-04-23 17:09:02 | INFO     | audiobook_gen.text_segmenter | Segmentación completada — 1147 chunks, promedio 406 chars
2026-04-23 17:09:02 | INFO     | audiobook_gen.pipeline | Texto segmentado en 1147 chunks
2026-04-23 17:09:02 | INFO     | audiobook_gen.tts_engine | Motor TTS: Edge-TTS (voces neuronales Microsoft)
2026-04-23 17:09:02 | INFO     | audiobook_gen.pipeline | Motor TTS: es-ES-ElviraNeural (España - Mujer (Elvira))
2026-04-23 17:53:26 | INFO     | audiobook_gen.audio_assembler | Ensamblando 1147 fragmentos de audio...
2026-04-23 18:07:55 | INFO     | audiobook_gen.audio_assembler | MP3 exportado: C:\Users\EM2024~1\AppData\Local\Temp\audiobook_gen\LIBRO_CarnegieDale_ Cómo ganar amigos e influir en las personas_audiobook.mp3 — Duración: 557.6 min, Tamaño: 638.1 MB
2026-04-23 18:07:56 | INFO     | audiobook_gen.pipeline | Pipeline completado en 3534.7 seg — 1147 chunks, 470002 chars, 16 capítulos
2026-04-24 12:13:25 | INFO     | audiobook_gen.pdf_extractor | Abriendo PDF: frases filosofia china.pdf
2026-04-24 12:13:25 | INFO     | audiobook_gen.pdf_extractor | PDF abierto — Páginas: 3, Título: frases filosofia china, Autor: (sin autor)
2026-04-24 12:13:25 | INFO     | audiobook_gen.pdf_extractor | Extracción completada — 3 páginas, 6200 caracteres totales
2026-04-24 12:13:25 | INFO     | audiobook_gen.pipeline | Extraídas 3 páginas
2026-04-24 12:13:25 | INFO     | audiobook_gen.text_cleaner | Iniciando limpieza de 3 páginas
2026-04-24 12:13:25 | INFO     | audiobook_gen.text_cleaner | Limpieza completada — 0 capítulos detectados, 6180 caracteres
2026-04-24 12:13:25 | INFO     | audiobook_gen.text_normalizer | Reglas cargadas — 30 abreviaturas, 20 símbolos, 16 siglas, 9 patrones
2026-04-24 12:13:25 | INFO     | audiobook_gen.pipeline | Texto normalizado: 6062 caracteres
2026-04-24 12:13:25 | INFO     | audiobook_gen.text_segmenter | Segmentación completada — 16 chunks, promedio 376 chars
2026-04-24 12:13:25 | INFO     | audiobook_gen.pipeline | Texto segmentado en 16 chunks
2026-04-24 12:13:28 | INFO     | audiobook_gen.tts_engine | Motor TTS: Edge-TTS (voces neuronales Microsoft)
2026-04-24 12:13:28 | INFO     | audiobook_gen.pipeline | Motor TTS: es-CO-GonzaloNeural (Colombia - Hombre (Gonzalo))
2026-04-24 12:14:13 | INFO     | audiobook_gen.audio_assembler | Ensamblando 16 fragmentos de audio...
2026-04-24 12:14:21 | INFO     | audiobook_gen.audio_assembler | MP3 exportado: C:\Users\EM2024~1\AppData\Local\Temp\audiobook_gen\frases filosofia china_audiobook.mp3 — Duración: 6.6 min, Tamaño: 7.6 MB
2026-04-24 12:14:21 | INFO     | audiobook_gen.pipeline | Pipeline completado en 55.2 seg — 16 chunks, 6062 chars, 0 capítulos
2026-04-24 12:37:32 | INFO     | audiobook_gen.pdf_extractor | Abriendo PDF: frases filosofia china.pdf
2026-04-24 12:37:32 | INFO     | audiobook_gen.pdf_extractor | PDF abierto — Páginas: 3, Título: frases filosofia china, Autor: (sin autor)
2026-04-24 12:37:32 | INFO     | audiobook_gen.pdf_extractor | Extracción completada — 3 páginas, 6200 caracteres totales
2026-04-24 12:37:32 | INFO     | audiobook_gen.pipeline | Extraídas 3 páginas
2026-04-24 12:37:32 | INFO     | audiobook_gen.text_cleaner | Iniciando limpieza de 3 páginas
2026-04-24 12:37:32 | INFO     | audiobook_gen.text_cleaner | Limpieza completada — 0 capítulos detectados, 6180 caracteres
2026-04-24 12:37:32 | INFO     | audiobook_gen.text_normalizer | Reglas cargadas — 30 abreviaturas, 20 símbolos, 16 siglas, 9 patrones
2026-04-24 12:37:32 | INFO     | audiobook_gen.pipeline | Texto normalizado: 6062 caracteres
2026-04-24 12:37:32 | INFO     | audiobook_gen.text_segmenter | Segmentación completada — 16 chunks, promedio 376 chars
2026-04-24 12:37:32 | INFO     | audiobook_gen.pipeline | Texto segmentado en 16 chunks
2026-04-24 12:37:32 | INFO     | audiobook_gen.tts_engine | Motor TTS: Edge-TTS (voces neuronales Microsoft)
2026-04-24 12:37:32 | INFO     | audiobook_gen.pipeline | Motor TTS: es-MX-JorgeNeural (México - Hombre (Jorge))
2026-04-24 12:38:06 | INFO     | audiobook_gen.audio_assembler | Ensamblando 16 fragmentos de audio...
2026-04-24 12:38:12 | INFO     | audiobook_gen.audio_assembler | MP3 exportado: C:\Users\EM2024~1\AppData\Local\Temp\audiobook_gen\frases filosofia china_audiobook.mp3 — Duración: 7.3 min, Tamaño: 8.4 MB
2026-04-24 12:38:12 | INFO     | audiobook_gen.pipeline | Pipeline completado en 39.8 seg — 16 chunks, 6062 chars, 0 capítulos
2026-04-24 13:20:51 | INFO     | audiobook_gen.pdf_extractor | Abriendo PDF: LIBRO_CarnegieDale_ Cómo ganar amigos e influir en las personas.pdf
2026-04-24 13:20:51 | INFO     | audiobook_gen.pdf_extractor | PDF abierto — Páginas: 95, Título: LIBRO Carnegie Dale Cómo Ganar Amigos E Influir En Las Personas, Autor: (sin autor)
2026-04-24 13:20:52 | INFO     | audiobook_gen.pdf_extractor | Extracción completada — 95 páginas, 471189 caracteres totales
2026-04-24 13:20:52 | INFO     | audiobook_gen.pipeline | Extracted 95 pages
2026-04-24 13:20:52 | INFO     | audiobook_gen.text_cleaner | Iniciando limpieza de 95 páginas
2026-04-24 13:20:52 | INFO     | audiobook_gen.text_cleaner | Limpieza completada — 0 capítulos detectados, 470737 caracteres
2026-04-24 13:20:52 | INFO     | audiobook_gen.text_normalizer | Reglas cargadas — 30 abreviaturas, 20 símbolos, 16 siglas, 9 patrones
2026-04-24 13:20:52 | INFO     | audiobook_gen.pipeline | Normalised text: 466740 characters
2026-04-24 13:20:52 | INFO     | audiobook_gen.text_segmenter | Segmentación completada — 1139 chunks, promedio 408 chars
2026-04-24 13:20:52 | INFO     | audiobook_gen.pipeline | Text segmented into 1139 chunks
2026-04-24 13:20:55 | INFO     | audiobook_gen.tts_engine | Motor TTS: Edge-TTS (voces neuronales Microsoft)
2026-04-24 13:20:55 | INFO     | audiobook_gen.pipeline | TTS engine: es-MX-DaliaNeural (México - Mujer (Dalia))
2026-04-24 13:20:55 | INFO     | audiobook_gen.pipeline | Synthesizing 1139 chunks using 10 threads...
2026-04-24 13:24:14 | WARNING  | audiobook_gen.tts_engine | Error de servidor Edge-TTS (intento 1/3): 503, message='Invalid response status', url='wss://speech.platform.bing.com/consumer/speech/synthesize/readaloud/edge/v1?TrustedClientToken=6A5AA1D4EAFF4E9FB37E23D68491D6F4&ConnectionId=91d749d0a62c45c89b5316a7460cf3b6&Sec-MS-GEC=9B0B85283818FAAC80422C223FA22212BEBD59F1413A408C4B2A6AAF24695DD0&Sec-MS-GEC-Version=1-143.0.3650.75'. Reintentando...
2026-04-24 13:25:10 | INFO     | audiobook_gen.audio_assembler | Ensamblando 1139 fragmentos de audio con FFmpeg...
2026-04-24 13:25:11 | INFO     | audiobook_gen.audio_assembler | Ejecutando FFmpeg stream copy...
2026-04-24 13:25:24 | INFO     | audiobook_gen.audio_assembler | MP3 exportado: C:\Users\EM2024~1\AppData\Local\Temp\audiobook_gen\LIBRO_CarnegieDale_ Cómo ganar amigos e influir en las personas_audiobook.mp3 — Duración: 498.7 min, Tamaño: 172.9 MB
2026-04-24 13:25:24 | INFO     | audiobook_gen.pipeline | Pipeline completed in 273.2 sec — 1139 chunks, 466740 chars, 0 chapters
